date,FEDFUNDS,DGS10,DGS2,T10Y3M,T10Y2Y,DFII10,WALCL,M2SL,UNRATE,INDPRO,UMCSENT,BAMLH0A0HYM2,VIXCLS,NFCI
1919-01-31,,,,,,,,,,4.8739,,,,
1919-02-28,,,,,,,,,,4.6585,,,,
1919-03-31,,,,,,,,,,4.5238,,,,
1919-04-30,,,,,,,,,,4.6046,,,,
1919-05-31,,,,,,,,,,4.6315,,,,
1919-06-30,,,,,,,,,,4.9277,,,,
1919-07-31,,,,,,,,,,5.2239,,,,
1919-08-31,,,,,,,,,,5.3047,,,,
1919-09-30,,,,,,,,,,5.197,,,,
1919-10-31,,,,,,,,,,5.1432,,,,
1919-11-30,,,,,,,,,,5.0624,,,,
1919-12-31,,,,,,,,,,5.1432,,,,
1920-01-31,,,,,,,,,,5.6279,,,,
1920-02-29,,,,,,,,,,5.6279,,,,
1920-03-31,,,,,,,,,,5.5201,,,,
1920-04-30,,,,,,,,,,5.2239,,,,
1920-05-31,,,,,,,,,,5.3586,,,,
1920-06-30,,,,,,,,,,5.4124,,,,
1920-07-31,,,,,,,,,,5.2778,,,,
1920-08-31,,,,,,,,,,5.3047,,,,
1920-09-30,,,,,,,,,,5.1162,,,,
1920-10-31,,,,,,,,,,4.9008,,,,
1920-11-30,,,,,,,,,,4.4969,,,,
1920-12-31,,,,,,,,,,4.2276,,,,
1921-01-31,,,,,,,,,,3.9853,,,,
1921-02-28,,,,,,,,,,3.9045,,,,
1921-03-31,,,,,,,,,,3.7968,,,,
1921-04-30,,,,,,,,,,3.7968,,,,
1921-05-31,,,,,,,,,,3.9045,,,,
1921-06-30,,,,,,,,,,3.8776,,,,
1921-07-31,,,,,,,,,,3.8506,,,,
1921-08-31,,,,,,,,,,3.9853,,,,
1921-09-30,,,,,,,,,,4.0122,,,,
1921-10-31,,,,,,,,,,4.2545,,,,
1921-11-30,,,,,,,,,,4.2007,,,,
1921-12-31,,,,,,,,,,4.1738,,,,
1922-01-31,,,,,,,,,,4.3353,,,,
1922-02-28,,,,,,,,,,4.5238,,,,
1922-03-31,,,,,,,,,,4.7662,,,,
1922-04-30,,,,,,,,,,4.6046,,,,
1922-05-31,,,,,,,,,,4.847,,,,
1922-06-30,,,,,,,,,,5.0893,,,,
1922-07-31,,,,,,,,,,5.0893,,,,
1922-08-31,,,,,,,,,,4.9816,,,,
1922-09-30,,,,,,,,,,5.2509,,,,
1922-10-31,,,,,,,,,,5.5471,,,,
1922-11-30,,,,,,,,,,5.7894,,,,
1922-12-31,,,,,,,,,,5.951,,,,
1923-01-31,,,,,,,,,,5.8163,,,,
1923-02-28,,,,,,,,,,5.8971,,,,
1923-03-31,,,,,,,,,,6.0856,,,,
1923-04-30,,,,,,,,,,6.2203,,,,
1923-05-31,,,,,,,,,,6.301,,,,
1923-06-30,,,,,,,,,,6.2472,,,,
1923-07-31,,,,,,,,,,6.1933,,,,
1923-08-31,,,,,,,,,,6.0856,,,,
1923-09-30,,,,,,,,,,5.951,,,,
1923-10-31,,,,,,,,,,5.9241,,,,
1923-11-30,,,,,,,,,,5.9241,,,,
1923-12-31,,,,,,,,,,5.7894,,,,
1924-01-31,,,,,,,,,,5.924,,,,
1924-02-29,,,,,,,,,,6.0318,,,,
1924-03-31,,,,,,,,,,5.9241,,,,
1924-04-30,,,,,,,,,,5.7356,,,,
1924-05-31,,,,,,,,,,5.4932,,,,
1924-06-30,,,,,,,,,,5.2509,,,,
1924-07-31,,,,,,,,,,5.1701,,,,
1924-08-31,,,,,,,,,,5.3586,,,,
1924-09-30,,,,,,,,,,5.5471,,,,
1924-10-31,,,,,,,,,,5.6817,,,,
1924-11-30,,,,,,,,,,5.7894,,,,
1924-12-31,,,,,,,,,,5.951,,,,
1925-01-31,,,,,,,,,,6.1395,,,,
1925-02-28,,,,,,,,,,6.1395,,,,
1925-03-31,,,,,,,,,,6.1395,,,,
1925-04-30,,,,,,,,,,6.1933,,,,
1925-05-31,,,,,,,,,,6.1664,,,,
1925-06-30,,,,,,,,,,6.1125,,,,
1925-07-31,,,,,,,,,,6.2741,,,,
1925-08-31,,,,,,,,,,6.1664,,,,
1925-09-30,,,,,,,,,,6.0856,,,,
1925-10-31,,,,,,,,,,6.328,,,,
1925-11-30,,,,,,,,,,6.4626,,,,
1925-12-31,,,,,,,,,,6.5434,,,,
1926-01-31,,,,,,,,,,6.4357,,,,
1926-02-28,,,,,,,,,,6.4357,,,,
1926-03-31,,,,,,,,,,6.5165,,,,
1926-04-30,,,,,,,,,,6.5165,,,,
1926-05-31,,,,,,,,,,6.4626,,,,
1926-06-30,,,,,,,,,,6.5434,,,,
1926-07-31,,,,,,,,,,6.5703,,,,
1926-08-31,,,,,,,,,,6.6511,,,,
1926-09-30,,,,,,,,,,6.7588,,,,
1926-10-31,,,,,,,,,,6.7588,,,,
1926-11-30,,,,,,,,,,6.7319,,,,
1926-12-31,,,,,,,,,,6.705,,,,
1927-01-31,,,,,,,,,,6.678,,,,
1927-02-28,,,,,,,,,,6.7319,,,,
1927-03-31,,,,,,,,,,6.8127,,,,
1927-04-30,,,,,,,,,,6.6511,,,,
1927-05-31,,,,,,,,,,6.705,,,,
1927-06-30,,,,,,,,,,6.678,,,,
1927-07-31,,,,,,,,,,6.5972,,,,
1927-08-31,,,,,,,,,,6.5972,,,,
1927-09-30,,,,,,,,,,6.4895,,,,
1927-10-31,,,,,,,,,,6.3549,,,,
1927-11-30,,,,,,,,,,6.3549,,,,
1927-12-31,,,,,,,,,,6.3818,,,,
1928-01-31,,,,,,,,,,6.5165,,,,
1928-02-29,,,,,,,,,,6.5703,,,,
1928-03-31,,,,,,,,,,6.6242,,,,
1928-04-30,,,,,,,,,,6.5972,,,,
1928-05-31,,,,,,,,,,6.678,,,,
1928-06-30,,,,,,,,,,6.7319,,,,
1928-07-31,,,,,,,,,,6.8127,,,,
1928-08-31,,,,,,,,,,6.9473,,,,
1928-09-30,,,,,,,,,,7.0012,,,,
1928-10-31,,,,,,,,,,7.1358,,,,
1928-11-30,,,,,,,,,,7.2704,,,,
1928-12-31,,,,,,,,,,7.4051,,,,
1929-01-31,,,,,,,,,,7.5128,,,,
1929-02-28,,,,,,,,,,7.4858,,,,
1929-03-31,,,,,,,,,,7.5128,,,,
1929-04-30,,,,,,,,,,7.6474,,,,
1929-05-31,,,,,,,,,,7.7821,,,,
1929-06-30,,,,,,,,,,7.8359,,,,
1929-07-31,,,,,,,,,,7.9436,,,,
1929-08-31,,,,,,,,,,7.8628,,,,
1929-09-30,,,,,,,,,,7.809,,,,
1929-10-31,,,,,,,,,,7.6743,,,,
1929-11-30,,,,,,,,,,7.2974,,,,
1929-12-31,,,,,,,,,,6.9742,,,,
1930-01-31,,,,,,,,,,6.9742,,,,
1930-02-28,,,,,,,,,,6.9473,,,,
1930-03-31,,,,,,,,,,6.8396,,,,
1930-04-30,,,,,,,,,,6.7857,,,,
1930-05-31,,,,,,,,,,6.678,,,,
1930-06-30,,,,,,,,,,6.4895,,,,
1930-07-31,,,,,,,,,,6.1933,,,,
1930-08-31,,,,,,,,,,6.0587,,,,
1930-09-30,,,,,,,,,,5.951,,,,
1930-10-31,,,,,,,,,,5.7894,,,,
1930-11-30,,,,,,,,,,5.6548,,,,
1930-12-31,,,,,,,,,,5.5201,,,,
1931-01-31,,,,,,,,,,5.4932,,,,
1931-02-28,,,,,,,,,,5.5201,,,,
1931-03-31,,,,,,,,,,5.6279,,,,
1931-04-30,,,,,,,,,,5.6548,,,,
1931-05-31,,,,,,,,,,5.574,,,,
1931-06-30,,,,,,,,,,5.4394,,,,
1931-07-31,,,,,,,,,,5.3586,,,,
1931-08-31,,,,,,,,,,5.1701,,,,
1931-09-30,,,,,,,,,,4.9277,,,,
1931-10-31,,,,,,,,,,4.7392,,,,
1931-11-30,,,,,,,,,,4.6854,,,,
1931-12-31,,,,,,,,,,4.6585,,,,
1932-01-31,,,,,,,,,,4.5238,,,,
1932-02-29,,,,,,,,,,4.4161,,,,
1932-03-31,,,,,,,,,,4.3623,,,,
1932-04-30,,,,,,,,,,4.0661,,,,
1932-05-31,,,,,,,,,,3.9314,,,,
1932-06-30,,,,,,,,,,3.7968,,,,
1932-07-31,,,,,,,,,,3.6891,,,,
1932-08-31,,,,,,,,,,3.7968,,,,
1932-09-30,,,,,,,,,,4.0391,,,,
1932-10-31,,,,,,,,,,4.1738,,,,
1932-11-30,,,,,,,,,,4.1738,,,,
1932-12-31,,,,,,,,,,4.093,,,,
1933-01-31,,,,,,,,,,4.0122,,,,
1933-02-28,,,,,,,,,,4.0391,,,,
1933-03-31,,,,,,,,,,3.7968,,,,
1933-04-30,,,,,,,,,,4.0661,,,,
1933-05-31,,,,,,,,,,4.7392,,,,
1933-06-30,,,,,,,,,,5.4663,,,,
1933-07-31,,,,,,,,,,5.9779,,,,
1933-08-31,,,,,,,,,,5.7356,,,,
1933-09-30,,,,,,,,,,5.4124,,,,
1933-10-31,,,,,,,,,,5.1432,,,,
1933-11-30,,,,,,,,,,4.847,,,,
1933-12-31,,,,,,,,,,4.8739,,,,
1934-01-31,,,,,,,,,,5.0354,,,,
1934-02-28,,,,,,,,,,5.2778,,,,
1934-03-31,,,,,,,,,,5.5201,,,,
1934-04-30,,,,,,,,,,5.5201,,,,
1934-05-31,,,,,,,,,,5.6278,,,,
1934-06-30,,,,,,,,,,5.5201,,,,
1934-07-31,,,,,,,,,,5.1432,,,,
1934-08-31,,,,,,,,,,5.0893,,,,
1934-09-30,,,,,,,,,,4.7931,,,,
1934-10-31,,,,,,,,,,5.0085,,,,
1934-11-30,,,,,,,,,,5.0624,,,,
1934-12-31,,,,,,,,,,5.3855,,,,
1935-01-31,,,,,,,,,,5.8163,,,,
1935-02-28,,,,,,,,,,5.9241,,,,
1935-03-31,,,,,,,,,,5.8971,,,,
1935-04-30,,,,,,,,,,5.7894,,,,
1935-05-31,,,,,,,,,,5.7894,,,,
1935-06-30,,,,,,,,,,5.8702,,,,
1935-07-31,,,,,,,,,,5.8702,,,,
1935-08-31,,,,,,,,,,6.0856,,,,
1935-09-30,,,,,,,,,,6.2472,,,,
1935-10-31,,,,,,,,,,6.4357,,,,
1935-11-30,,,,,,,,,,6.5703,,,,
1935-12-31,,,,,,,,,,6.6511,,,,
1936-01-31,,,,,,,,,,6.5434,,,,
1936-02-29,,,,,,,,,,6.3818,,,,
1936-03-31,,,,,,,,,,6.4626,,,,
1936-04-30,,,,,,,,,,6.8665,,,,
1936-05-31,,,,,,,,,,7.0012,,,,
1936-06-30,,,,,,,,,,7.1358,,,,
1936-07-31,,,,,,,,,,7.2704,,,,
1936-08-31,,,,,,,,,,7.3781,,,,
1936-09-30,,,,,,,,,,7.5128,,,,
1936-10-31,,,,,,,,,,7.6205,,,,
1936-11-30,,,,,,,,,,7.8359,,,,
1936-12-31,,,,,,,,,,8.0783,,,,
1937-01-31,,,,,,,,,,8.0513,,,,
1937-02-28,,,,,,,,,,8.159,,,,
1937-03-31,,,,,,,,,,8.3475,,,,
1937-04-30,,,,,,,,,,8.3475,,,,
1937-05-31,,,,,,,,,,8.3745,,,,
1937-06-30,,,,,,,,,,8.2667,,,,
1937-07-31,,,,,,,,,,8.3206,,,,
1937-08-31,,,,,,,,,,8.2667,,,,
1937-09-30,,,,,,,,,,7.9975,,,,
1937-10-31,,,,,,,,,,7.4051,,,,
1937-11-30,,,,,,,,,,6.678,,,,
1937-12-31,,,,,,,,,,6.0856,,,,
1938-01-31,,,,,,,,,,5.951,,,,
1938-02-28,,,,,,,,,,5.8971,,,,
1938-03-31,,,,,,,,,,5.8971,,,,
1938-04-30,,,,,,,,,,5.7894,,,,
1938-05-31,,,,,,,,,,5.6548,,,,
1938-06-30,,,,,,,,,,5.7086,,,,
1938-07-31,,,,,,,,,,6.0318,,,,
1938-08-31,,,,,,,,,,6.3549,,,,
1938-09-30,,,,,,,,,,6.5434,,,,
1938-10-31,,,,,,,,,,6.705,,,,
1938-11-30,,,,,,,,,,6.9742,,,,
1938-12-31,,,,,,,,,,7.055,,,,
1939-01-31,,,,,,,,,,7.055,,,,
1939-02-28,,,,,,,,,,7.1089,,,,
1939-03-31,,,,,,,,,,7.1358,,,,
1939-04-30,,,,,,,,,,7.1089,,,,
1939-05-31,,,,,,,,,,7.0819,,,,
1939-06-30,,,,,,,,,,7.2435,,,,
1939-07-31,,,,,,,,,,7.4589,,,,
1939-08-31,,,,,,,,,,7.5666,,,,
1939-09-30,,,,,,,,,,8.0244,,,,
1939-10-31,,,,,,,,,,8.4283,,,,
1939-11-30,,,,,,,,,,8.6437,,,,
1939-12-31,,,,,,,,,,8.6437,,,,
1940-01-31,,,,,,,,,,8.536,,,,
1940-02-29,,,,,,,,,,8.2667,,,,
1940-03-31,,,,,,,,,,8.0783,,,,
1940-04-30,,,,,,,,,,8.2398,,,,
1940-05-31,,,,,,,,,,8.4822,,,,
1940-06-30,,,,,,,,,,8.7514,,,,
1940-07-31,,,,,,,,,,8.8592,,,,
1940-08-31,,,,,,,,,,8.913,,,,
1940-09-30,,,,,,,,,,9.1015,,,,
1940-10-31,,,,,,,,,,9.2361,,,,
1940-11-30,,,,,,,,,,9.4516,,,,
1940-12-31,,,,,,,,,,9.7747,,,,
1941-01-31,,,,,,,,,,10.017,,,,
1941-02-28,,,,,,,,,,10.3132,,,,
1941-03-31,,,,,,,,,,10.6364,,,,
1941-04-30,,,,,,,,,,10.6633,,,,
1941-05-31,,,,,,,,,,11.148,,,,
1941-06-30,,,,,,,,,,11.2288,,,,
1941-07-31,,,,,,,,,,11.3634,,,,
1941-08-31,,,,,,,,,,11.4981,,,,
1941-09-30,,,,,,,,,,11.4981,,,,
1941-10-31,,,,,,,,,,11.6058,,,,
1941-11-30,,,,,,,,,,11.6596,,,,
1941-12-31,,,,,,,,,,11.8481,,,,
1942-01-31,,,,,,,,,,12.0905,,,,
1942-02-28,,,,,,,,,,12.3059,,,,
1942-03-31,,,,,,,,,,12.4405,,,,
1942-04-30,,,,,,,,,,12.0905,,,,
1942-05-31,,,,,,,,,,12.1174,,,,
1942-06-30,,,,,,,,,,12.1443,,,,
1942-07-31,,,,,,,,,,12.4405,,,,
1942-08-31,,,,,,,,,,12.8175,,,,
1942-09-30,,,,,,,,,,13.1137,,,,
1942-10-31,,,,,,,,,,13.5445,,,,
1942-11-30,,,,,,,,,,13.8677,,,,
1942-12-31,,,,,,,,,,14.1908,,,,
1943-01-31,,,,,,,,,,14.3255,,,,
1943-02-28,,,,,,,,,,14.7024,,,,
1943-03-31,,,,,,,,,,14.8102,,,,
1943-04-30,,,,,,,,,,14.9986,,,,
1943-05-31,,,,,,,,,,15.1063,,,,
1943-06-30,,,,,,,,,,15.0256,,,,
1943-07-31,,,,,,,,,,15.4833,,,,
1943-08-31,,,,,,,,,,15.8064,,,,
1943-09-30,,,,,,,,,,16.2104,,,,
1943-10-31,,,,,,,,,,16.4527,,,,
1943-11-30,,,,,,,,,,16.6681,,,,
1943-12-31,,,,,,,,,,16.4527,,,,
1944-01-31,,,,,,,,,,16.6412,,,,
1944-02-29,,,,,,,,,,16.7758,,,,
1944-03-31,,,,,,,,,,16.7489,,,,
1944-04-30,,,,,,,,,,16.7489,,,,
1944-05-31,,,,,,,,,,16.6412,,,,
1944-06-30,,,,,,,,,,16.5874,,,,
1944-07-31,,,,,,,,,,16.5604,,,,
1944-08-31,,,,,,,,,,16.7758,,,,
1944-09-30,,,,,,,,,,16.6681,,,,
1944-10-31,,,,,,,,,,16.722,,,,
1944-11-30,,,,,,,,,,16.5873,,,,
1944-12-31,,,,,,,,,,16.5335,,,,
1945-01-31,,,,,,,,,,16.3719,,,,
1945-02-28,,,,,,,,,,16.3181,,,,
1945-03-31,,,,,,,,,,16.2104,,,,
1945-04-30,,,,,,,,,,15.9142,,,,
1945-05-31,,,,,,,,,,15.4833,,,,
1945-06-30,,,,,,,,,,15.1333,,,,
1945-07-31,,,,,,,,,,14.7832,,,,
1945-08-31,,,,,,,,,,13.2483,,,,
1945-09-30,,,,,,,,,,12.0635,,,,
1945-10-31,,,,,,,,,,11.5788,,,,
1945-11-30,,,,,,,,,,12.0097,,,,
1945-12-31,,,,,,,,,,12.0635,,,,
1946-01-31,,,,,,,,,,11.3903,,,,
1946-02-28,,,,,,,,,,10.8249,,,,
1946-03-31,,,,,,,,,,11.9558,,,,
1946-04-30,,,,,,,,,,11.7404,,,,
1946-05-31,,,,,,,,,,11.3096,,,,
1946-06-30,,,,,,,,,,12.0097,,,,
1946-07-31,,,,,,,,,,12.4136,,,,
1946-08-31,,,,,,,,,,12.8714,,,,
1946-09-30,,,,,,,,,,13.1137,,,,
1946-10-31,,,,,,,,,,13.356,,,,
1946-11-30,,,,,,,,,,13.4368,,,,
1946-12-31,,,,,,,,,,13.5176,,,,
1947-01-31,,,,,,,,,,13.6792,,,,
1947-02-28,,,,,,,,,,13.76,,,,
1947-03-31,,,,,,,,,,13.8407,,,,
1947-04-30,,,,,,,,,,13.733,,,,
1947-05-31,,,,,,,,,,13.7869,,,,
1947-06-30,,,,,,,,,,13.7869,,,,
1947-07-31,,,,,,,,,,13.7061,,,,
1947-08-31,,,,,,,,,,13.7869,,,,
1947-09-30,,,,,,,,,,13.8946,,,,
1947-10-31,,,,,,,,,,14.0292,,,,
1947-11-30,,,,,,,,,,14.2177,,,,
1947-12-31,,,,,,,,,,14.2716,,,,
1948-01-31,,,,,,,,,3.4,14.3524,,,,
1948-02-29,,,,,,,,,3.8,14.3793,,,,
1948-03-31,,,,,,,,,4.0,14.2177,,,,
1948-04-30,,,,,,,,,3.9,14.2447,,,,
1948-05-31,,,,,,,,,3.5,14.487,,,,
1948-06-30,,,,,,,,,3.6,14.6755,,,,
1948-07-31,,,,,,,,,3.6,14.6755,,,,
1948-08-31,,,,,,,,,3.9,14.6216,,,,
1948-09-30,,,,,,,,,3.8,14.5139,,,,
1948-10-31,,,,,,,,,3.7,14.6217,,,,
1948-11-30,,,,,,,,,3.8,14.4332,,,,
1948-12-31,,,,,,,,,4.0,14.2985,,,,
1949-01-31,,,,,,,,,4.3,14.1639,,,,
1949-02-28,,,,,,,,,4.7,14.0292,,,,
1949-03-31,,,,,,,,,5.0,13.76,,,,
1949-04-30,,,,,,,,,5.3,13.6792,,,,
1949-05-31,,,,,,,,,6.1,13.4907,,,,
1949-06-30,,,,,,,,,6.2,13.4638,,,,
1949-07-31,,,,,,,,,6.7,13.4368,,,,
1949-08-31,,,,,,,,,6.8,13.5715,,,,
1949-09-30,,,,,,,,,6.6,13.7061,,,,
1949-10-31,,,,,,,,,7.9,13.1945,,,,
1949-11-30,,,,,,,,,6.4,13.5446,,,,
1949-12-31,,,,,,,,,6.6,13.7869,,,,
1950-01-31,,,,,,,,,6.5,14.0292,,,,
1950-02-28,,,,,,,,,6.4,14.0831,,,,
1950-03-31,,,,,,,,,6.3,14.5409,,,,
1950-04-30,,,,,,,,,5.8,15.0255,,,,
1950-05-31,,,,,,,,,5.5,15.3756,,,,
1950-06-30,,,,,,,,,5.4,15.8334,,,,
1950-07-31,,,,,,,,,5.0,16.345,,,,
1950-08-31,,,,,,,,,4.5,16.8566,,,,
1950-09-30,,,,,,,,,4.4,16.7489,,,,
1950-10-31,,,,,,,,,4.2,16.8566,,,,
1950-11-30,,,,,,,,,4.2,16.8297,,,,
1950-12-31,,,,,,,,,4.3,17.1259,,,,
1951-01-31,,,,,,,,,3.7,17.1797,,,,
1951-02-28,,,,,,,,,3.4,17.2875,,,,
1951-03-31,,,,,,,,,3.4,17.3682,,,,
1951-04-30,,,,,,,,,3.1,17.3952,,,,
1951-05-31,,,,,,,,,3.0,17.3413,,,,
1951-06-30,,,,,,,,,3.2,17.2605,,,,
1951-07-31,,,,,,,,,3.1,16.9913,,,,
1951-08-31,,,,,,,,,3.1,16.8297,,,,
1951-09-30,,,,,,,,,3.3,16.9374,,,,
1951-10-31,,,,,,,,,3.5,16.9105,,,,
1951-11-30,,,,,,,,,3.5,17.0451,,,,
1951-12-31,,,,,,,,,3.1,17.1528,,,,
1952-01-31,,,,,,,,,3.2,17.3413,,,,
1952-02-29,,,,,,,,,3.1,17.449,,,,
1952-03-31,,,,,,,,,2.9,17.5029,,,,
1952-04-30,,,,,,,,,2.9,17.3413,,,,
1952-05-31,,,,,,,,,3.0,17.1798,,,,
1952-06-30,,,,,,,,,3.0,17.0182,,,,
1952-07-31,,,,,,,,,3.2,16.7489,,,,
1952-08-31,,,,,,,,,3.4,17.826,,,,
1952-09-30,,,,,,,,,3.1,18.4723,,,,
1952-10-31,,,,,,,,,3.0,18.6608,,,,
1952-11-30,,,,,,,,,2.8,19.0378,86.2,,,
1952-12-31,,,,,,,,,2.7,19.1455,,,,
1953-01-31,,,,,,,,,2.9,19.1993,,,,
1953-02-28,,,,,,,,,2.6,19.307,90.7,,,
1953-03-31,,,,,,,,,2.6,19.4686,,,,
1953-04-30,,,,,,,,,2.7,19.5494,,,,
1953-05-31,,,,,,,,,2.5,19.6571,,,,
1953-06-30,,,,,,,,,2.5,19.5763,,,,
1953-07-31,,,,,,,,,2.6,19.8187,,,,
1953-08-31,,,,,,,,,2.7,19.7109,80.8,,,
1953-09-30,,,,,,,,,2.9,19.307,,,,
1953-10-31,,,,,,,,,3.1,19.1455,,,,
1953-11-30,,,,,,,,,3.5,18.6877,80.7,,,
1953-12-31,,,,,,,,,4.5,18.2299,,,,
1954-01-31,,,,,,,,,4.9,18.0953,,,,
1954-02-28,,,,,,,,,5.2,18.1492,82.0,,,
1954-03-31,,,,,,,,,5.7,18.0414,,,,
1954-04-30,,,,,,,,,5.9,17.9337,,,,
1954-05-31,,,,,,,,,5.9,18.0414,82.9,,,
1954-06-30,,,,,,,,,5.6,18.0953,,,,
1954-07-31,0.8,,,,,,,,5.8,18.1222,,,,
1954-08-31,1.22,,,,,,,,6.0,18.0953,,,,
1954-09-30,1.07,,,,,,,,6.1,18.1222,,,,
1954-10-31,0.85,,,,,,,,5.7,18.3377,,,,
1954-11-30,0.83,,,,,,,,5.3,18.6338,87.0,,,
1954-12-31,1.28,,,,,,,,5.0,18.8762,,,,
1955-01-31,1.39,,,,,,,,4.9,19.307,,,,
1955-02-28,1.29,,,,,,,,4.7,19.5494,95.9,,,
1955-03-31,1.35,,,,,,,,4.6,20.0071,,,,
1955-04-30,1.43,,,,,,,,4.7,20.2495,,,,
1955-05-31,1.43,,,,,,,,4.3,20.5726,99.1,,,
1955-06-30,1.64,,,,,,,,4.2,20.5996,,,,
1955-07-31,1.68,,,,,,,,4.0,20.7611,,,,
1955-08-31,1.96,,,,,,,,4.2,20.7342,,,,
1955-09-30,2.18,,,,,,,,4.1,20.8688,,,,
1955-10-31,2.24,,,,,,,,4.3,21.2189,,,,
1955-11-30,2.35,,,,,,,,4.2,21.2727,99.7,,,
1955-12-31,2.48,,,,,,,,4.2,21.3535,,,,
1956-01-31,2.45,,,,,,,,4.0,21.4882,,,,
1956-02-29,2.5,,,,,,,,3.9,21.2997,,,,
1956-03-31,2.5,,,,,,,,4.2,21.2997,,,,
1956-04-30,2.62,,,,,,,,4.0,21.4612,,,,
1956-05-31,2.75,,,,,,,,4.3,21.2728,98.2,,,
1956-06-30,2.71,,,,,,,,4.3,21.0843,,,,
1956-07-31,2.75,,,,,,,,4.4,20.438,,,,
1956-08-31,2.73,,,,,,,,4.1,21.2727,99.9,,,
1956-09-30,2.95,,,,,,,,3.9,21.7574,,,,
1956-10-31,2.96,,,,,,,,3.9,21.9459,,,,
1956-11-30,2.88,,,,,,,,4.3,21.7574,100.2,,,
1956-12-31,2.94,,,,,,,,4.2,22.0806,,,,
1957-01-31,2.84,,,,,,,,4.2,21.9998,,,,
1957-02-28,3.0,,,,,,,,3.9,22.2152,,,,
1957-03-31,2.96,,,,,,,,3.7,22.1883,,,,
1957-04-30,3.0,,,,,,,,3.9,21.8921,,,,
1957-05-31,3.0,,,,,,,,4.1,21.8113,92.9,,,
1957-06-30,3.0,,,,,,,,4.3,21.8652,,,,
1957-07-31,2.99,,,,,,,,4.2,21.9998,,,,
1957-08-31,3.24,,,,,,,,4.1,21.9998,,,,
1957-09-30,3.47,,,,,,,,4.4,21.8113,,,,
1957-10-31,3.5,,,,,,,,4.5,21.4882,,,,
1957-11-30,3.28,,,,,,,,5.1,20.9765,83.7,,,
1957-12-31,2.98,,,,,,,,5.2,20.5726,,,,
1958-01-31,2.72,,,,,,,,5.8,20.1956,,,,
1958-02-28,1.67,,,,,,,,6.4,19.7648,78.5,,,
1958-03-31,1.2,,,,,,,,6.7,19.5225,,,,
1958-04-30,1.26,,,,,,,,7.4,19.1993,,,,
1958-05-31,0.63,,,,,,,,7.4,19.3878,80.9,,,
1958-06-30,0.93,,,,,,,,7.3,19.8994,,,,
1958-07-31,0.68,,,,,,,,7.5,20.1956,,,,
1958-08-31,1.53,,,,,,,,7.4,20.5995,,,,
1958-09-30,1.76,,,,,,,,7.1,20.7881,,,,
1958-10-31,1.8,,,,,,,,6.7,21.0304,,,,
1958-11-30,2.27,,,,,,,,6.2,21.6497,90.8,,,
1958-12-31,2.42,,,,,,,,6.2,21.6767,,,,
1959-01-31,2.48,,,,,,,286.6,6.0,21.9998,,,,
1959-02-28,2.43,,,,,,,287.7,5.9,22.4306,,,,
1959-03-31,2.8,,,,,,,289.2,5.6,22.7538,,,,
1959-04-30,2.96,,,,,,,290.1,5.2,23.2384,,,,
1959-05-31,2.9,,,,,,,292.2,5.1,23.5885,95.3,,,
1959-06-30,3.39,,,,,,,294.1,5.0,23.6155,,,,
1959-07-31,3.47,,,,,,,295.2,5.1,23.05,,,,
1959-08-31,3.5,,,,,,,296.4,5.2,22.2691,,,,
1959-09-30,3.76,,,,,,,296.7,5.5,22.2421,,,,
1959-10-31,3.98,,,,,,,296.5,5.7,22.0806,,,,
1959-11-30,4.0,,,,,,,297.1,5.8,22.2152,93.8,,,
1959-12-31,3.99,,,,,,,297.8,5.3,23.5885,,,,
1960-01-31,3.99,,,,,,,298.2,5.2,24.2078,,,,
1960-02-29,3.97,,,,,,,298.4,4.8,23.9924,100.0,,,
1960-03-31,3.84,,,,,,,299.3,5.4,23.777,,,,
1960-04-30,3.92,,,,,,,300.1,5.2,23.5885,,,,
1960-05-31,3.85,,,,,,,300.9,5.1,23.5616,93.3,,,
1960-06-30,3.32,,,,,,,302.3,5.4,23.2654,,,,
1960-07-31,3.23,,,,,,,304.1,5.5,23.1846,,,,
1960-08-31,2.98,,,,,,,306.9,5.6,23.1577,97.2,,,
1960-09-30,2.6,,,,,,,308.4,5.5,22.9153,,,,
1960-10-31,2.47,,,,,,,309.5,6.1,22.8884,,,,
1960-11-30,2.44,,,,,,,310.9,6.1,22.5653,90.1,,,
1960-12-31,1.98,,,,,,,312.4,6.6,22.1344,,,,
1961-01-31,1.45,,,,,,,314.1,6.6,22.1613,,,,
1961-02-28,2.54,,,,,,,316.5,6.9,22.1344,91.6,,,
1961-03-31,2.02,,,,,,,318.3,6.9,22.2691,,,,
1961-04-30,1.49,,,,,,,319.9,7.0,22.7268,,,,
1961-05-31,1.98,,,,,,,322.2,7.1,23.0769,92.5,,,
1961-06-30,1.73,,,,,,,324.3,6.9,23.4,,,,
1961-07-31,1.17,,,,,,,325.6,7.0,23.6693,,,,
1961-08-31,2.0,,,,,,,327.6,6.6,23.8847,99.2,,,
1961-09-30,1.88,,,,,,,329.5,6.7,23.8578,,,,
1961-10-31,2.26,,,,,,,331.1,6.5,24.3156,,,,
1961-11-30,2.61,,,,,,,333.4,6.1,24.6926,93.0,,,
1961-12-31,2.33,,,,,,,335.5,6.0,24.908,,,,
1962-01-31,2.15,4.1,,,,,,337.5,5.8,24.6925,,,,
1962-02-28,2.37,4.0,,,,,,340.1,5.5,25.0964,99.9,,,
1962-03-31,2.85,3.86,,,,,,343.1,5.6,25.2311,,,,
1962-04-30,2.78,3.86,,,,,,345.5,5.6,25.285,,,,
1962-05-31,2.36,3.9,,,,,,347.5,5.5,25.258,95.4,,,
1962-06-30,2.68,4.0,,,,,,349.3,5.5,25.2042,,,,
1962-07-31,2.71,4.04,,,,,,350.8,5.4,25.4465,,,,
1962-08-31,2.93,3.96,,,,,,352.8,5.7,25.4734,91.6,,,
1962-09-30,2.9,3.94,,,,,,354.9,5.6,25.635,,,,
1962-10-31,2.9,3.92,,,,,,357.2,5.4,25.6619,,,,
1962-11-30,2.94,3.92,,,,,,359.8,5.7,25.7696,95.0,,,
1962-12-31,2.93,3.85,,,,,,362.7,5.5,25.7696,,,,
1963-01-31,2.92,3.87,,,,,,365.2,5.7,25.9581,,,,
1963-02-28,3.0,3.94,,,,,,367.9,5.9,26.2544,98.4,,,
1963-03-31,2.98,3.95,,,,,,370.7,5.7,26.4159,,,,
1963-04-30,2.9,3.95,,,,,,373.3,5.7,26.6582,,,,
1963-05-31,3.0,3.96,,,,,,376.1,5.9,26.9814,91.7,,,
1963-06-30,2.99,4.0,,,,,,378.4,5.6,27.0622,,,,
1963-07-31,3.02,4.0,,,,,,381.1,5.6,26.9545,,,,
1963-08-31,3.49,4.02,,,,,,383.6,5.4,27.0083,96.4,,,
1963-09-30,3.48,4.07,,,,,,386.0,5.5,27.2776,,,,
1963-10-31,3.5,4.15,,,,,,388.3,5.5,27.4661,,,,
1963-11-30,3.48,4.08,,,,,,391.5,5.7,27.6007,94.4,,,
1963-12-31,3.38,4.14,,,,,,393.2,5.5,27.5469,,,,
1964-01-31,3.48,4.15,,,,,,395.2,5.6,27.7892,,,,
1964-02-29,3.48,4.18,,,,,,397.6,5.4,27.9777,99.5,,,
1964-03-31,3.43,4.23,,,,,,399.8,5.4,27.9777,,,,
1964-04-30,3.47,4.22,,,,,,401.7,5.3,28.4355,,,,
1964-05-31,3.5,4.19,,,,,,404.2,5.1,28.597,98.5,,,
1964-06-30,3.5,4.15,,,,,,407.1,5.2,28.6778,,,,
1964-07-31,3.42,4.19,,,,,,410.1,4.9,28.8663,,,,
1964-08-31,3.5,4.21,,,,,,413.4,5.0,29.0548,100.6,,,
1964-09-30,3.45,4.18,,,,,,416.9,5.1,29.1625,,,,
1964-10-31,3.36,4.16,,,,,,419.1,5.1,28.7586,,,,
1964-11-30,3.52,4.2,,,,,,422.0,4.8,29.6472,99.9,,,
1964-12-31,3.85,4.21,,,,,,424.7,5.0,29.9973,,,,
1965-01-31,3.9,4.19,,,,,,427.5,4.9,30.3204,,,,
1965-02-28,3.98,4.22,,,,,,430.4,5.1,30.5089,102.0,,,
1965-03-31,4.05,4.2,,,,,,433.2,4.7,30.9128,,,,
1965-04-30,4.09,4.21,,,,,,435.4,4.8,31.0474,,,,
1965-05-31,4.1,4.23,,,,,,437.1,4.6,31.2898,105.4,,,
1965-06-30,4.05,4.2,,,,,,440.1,4.6,31.5321,,,,
1965-07-31,4.09,4.22,,,,,,442.9,4.4,31.8283,,,,
1965-08-31,4.12,4.27,,,,,,445.8,4.4,31.963,103.4,,,
1965-09-30,4.02,4.35,,,,,,449.5,4.3,32.0438,,,,
1965-10-31,4.08,4.41,,,,,,452.6,4.2,32.3669,,,,
1965-11-30,4.1,4.48,,,,,,455.7,4.1,32.5015,102.9,,,
1965-12-31,4.32,4.65,,,,,,459.2,4.0,32.9054,,,,
1966-01-31,4.42,4.69,,,,,,462.0,4.0,33.2286,,,,
1966-02-28,4.6,5.02,,,,,,464.6,3.8,33.444,100.0,,,
1966-03-31,4.66,4.71,,,,,,467.2,3.8,33.9018,,,,
1966-04-30,4.67,4.79,,,,,,469.3,3.8,33.9556,,,,
1966-05-31,4.9,4.8,,,,,,470.1,3.9,34.2787,95.7,,,
1966-06-30,5.17,4.97,,,,,,471.2,3.8,34.4403,,,,
1966-07-31,5.3,5.05,,,,,,470.9,3.8,34.6288,,,,
1966-08-31,5.53,5.36,,,,,,472.6,3.8,34.6557,91.2,,,
1966-09-30,5.4,5.02,,,,,,475.4,3.7,34.9789,,,,
1966-10-31,5.53,4.97,,,,,,475.7,3.7,35.2212,,,,
1966-11-30,5.76,5.12,,,,,,477.3,3.6,34.9788,88.3,,,
1966-12-31,5.4,4.64,,,,,,480.2,3.8,35.0596,,,,
1967-01-31,4.94,4.52,,,,,,481.6,3.9,35.225,,,,
1967-02-28,5.0,4.72,,,,,,485.1,3.8,34.8255,94.1,,,
1967-03-31,4.53,4.5,,,,,,489.7,3.8,34.6292,,,,
1967-04-30,4.05,4.78,,,,,,492.1,3.8,34.9558,,,,
1967-05-31,3.94,4.81,,,,,,497.2,3.8,34.6508,95.9,,,
1967-06-30,3.98,5.22,,,,,,502.0,3.9,34.6465,,,,
1967-07-31,3.79,5.16,,,,,,506.3,3.8,34.5676,,,,
1967-08-31,3.9,5.27,,,,,,510.8,3.8,35.2299,97.0,,,
1967-09-30,3.99,5.31,,,,,,514.7,3.8,35.1727,,,,
1967-10-31,3.88,5.64,,,,,,518.2,4.0,35.4591,,,,
1967-11-30,4.13,5.74,,,,,,521.2,3.9,35.9663,92.9,,,
1967-12-31,4.51,5.7,,,,,,524.8,3.8,36.3536,,,,
1968-01-31,4.61,5.54,,,,,,527.4,3.7,36.3145,,,,
1968-02-29,4.71,5.56,,,,,,530.4,3.8,36.4446,97.2,,,
1968-03-31,5.05,5.76,,,,,,533.2,3.7,36.5584,,,,
1968-04-30,5.76,5.74,,,,,,535.7,3.5,36.6113,,,,
1968-05-31,6.12,5.86,,,,,,538.9,3.5,37.022,92.4,,,
1968-06-30,6.07,5.64,,,,,,542.6,3.7,37.158,,,,
1968-07-31,6.03,5.39,,,,,,545.6,3.7,37.101,,,,
1968-08-31,6.03,5.42,,,,,,549.4,3.5,37.2045,92.4,,,
1968-09-30,5.78,5.49,,,,,,553.6,3.4,37.3454,,,,
1968-10-31,5.91,5.61,,,,,,557.6,3.4,37.4196,,,,
1968-11-30,5.82,5.78,,,,,,562.4,3.4,37.9036,91.7,,,
1968-12-31,6.02,6.16,,,,,,566.8,3.4,38.0233,,,,
1969-01-31,6.3,6.19,,,,,,569.3,3.4,38.2533,,,,
1969-02-28,6.61,6.26,,,,,,571.9,3.4,38.4981,98.2,,,
1969-03-31,6.79,6.3,,,,,,574.4,3.4,38.8,,,,
1969-04-30,7.41,6.2,,,,,,575.7,3.4,38.6573,,,,
1969-05-31,8.67,6.56,,,,,,576.5,3.4,38.5111,91.5,,,
1969-06-30,8.9,6.73,,,,,,578.5,3.5,38.8874,,,,
1969-07-31,8.61,6.66,,,,,,579.5,3.5,39.0927,,,,
1969-08-31,9.19,6.83,,,,,,580.1,3.5,39.1825,86.4,,,
1969-09-30,9.15,7.51,,,,,,582.1,3.7,39.1737,,,,
1969-10-31,9.0,6.94,,,,,,583.4,3.7,39.1852,,,,
1969-11-30,8.85,7.29,,,,,,585.4,3.5,38.8158,79.7,,,
1969-12-31,8.97,7.88,,,,,,587.9,3.5,38.7116,,,,
1970-01-31,8.98,7.75,,,,,,589.6,3.9,37.9948,,,,
1970-02-28,8.98,6.9,,,,,,586.3,4.2,37.9698,78.1,,,
1970-03-31,7.76,7.08,,,,,,587.3,4.4,37.9205,,,,
1970-04-30,8.1,7.82,,,,,,588.4,4.6,37.823,,,,
1970-05-31,7.95,7.95,,,,,,591.5,4.8,37.7789,75.4,,,
1970-06-30,7.61,7.68,,,,,,595.2,4.9,37.6567,,,,
1970-07-31,7.21,7.38,,,,,,599.1,5.0,37.7491,,,,
1970-08-31,6.62,7.49,,,,,,604.9,5.1,37.6818,77.6,,,
1970-09-30,6.29,7.29,,,,,,611.2,5.4,37.4221,,,,
1970-10-31,6.2,7.33,,,,,,616.4,5.5,36.6735,,,,
1970-11-30,5.6,6.49,,,,,,621.1,5.9,36.4514,72.4,,,
1970-12-31,4.9,6.5,,,,,,626.5,6.1,37.2885,,,,
1971-01-31,4.14,6.09,,,,,,632.9,5.9,37.5753,,,,0.706
1971-02-28,3.72,6.14,,,,,,641.0,5.9,37.5037,78.1,,,0.876
1971-03-31,3.71,5.53,,,,,,649.9,6.0,37.4631,,,,1.076
1971-04-30,4.16,6.08,,,,,,658.4,5.9,37.6735,,,,1.417
1971-05-31,4.63,6.38,,,,,,666.7,5.9,37.8646,80.2,,,1.393
1971-06-30,4.91,6.7,,,,,,673.0,5.9,38.0234,,,,1.027
1971-07-31,5.31,6.85,,,,,,679.6,6.0,37.9131,,,,1.253
1971-08-31,5.57,6.28,,,,,,685.5,6.1,37.693,82.1,,,2.027
1971-09-30,5.55,6.0,,,,,,692.5,6.0,38.3056,,,,2.188
1971-10-31,5.2,5.87,,,,,,698.4,5.8,38.5924,,,,1.574
1971-11-30,4.91,5.93,,,,,,704.6,6.0,38.7561,82.0,,,1.358
1971-12-31,4.14,5.89,,,,,,710.3,6.0,39.2035,,,,1.307
1972-01-31,3.51,6.09,,,,,,717.7,5.8,40.1408,,,,0.983
1972-02-29,3.3,6.04,,,,,,725.7,5.7,40.5459,92.8,,,0.606
1972-03-31,3.83,6.12,,,,,,733.5,5.8,40.8263,,,,0.333
1972-04-30,4.17,6.14,,,,,,738.4,5.7,41.2348,,,,0.146
1972-05-31,4.27,6.05,,,,,,743.3,5.7,41.2405,88.6,,,0.029
1972-06-30,4.46,6.15,,,,,,749.7,5.7,41.3497,,,,0.211
1972-07-31,4.55,6.12,,,,,,759.5,5.6,41.3035,,,,0.33
1972-08-31,4.81,6.42,,,,,,768.7,5.6,41.879,95.2,,,0.155
1972-09-30,4.87,6.54,,,,,,778.3,5.5,42.2132,,,,-0.113
1972-10-31,5.05,6.41,,,,,,786.9,5.6,42.7494,,,,-0.181
1972-11-30,5.06,6.28,,,,,,793.9,5.3,43.2548,90.7,,,-0.255
1972-12-31,5.33,6.41,,,,,,802.3,5.2,43.7367,,,,-0.21
1973-01-31,5.94,6.54,,,,,,810.3,4.9,44.0529,,,,0.245
1973-02-28,6.58,6.64,,,,,,814.1,5.0,44.6827,81.9,,,0.911
1973-03-31,7.09,6.73,,,,,,815.3,4.9,44.7045,,,,1.276
1973-04-30,7.12,6.7,,,,,,819.7,5.0,44.6387,,,,1.204
1973-05-31,7.84,6.93,,,,,,826.8,4.9,44.9429,77.0,,,1.122
1973-06-30,8.49,6.94,,,,,,833.3,4.9,45.0035,,,,1.284
1973-07-31,10.4,7.43,,,,,,836.5,4.8,45.1636,,,,1.73
1973-08-31,10.5,7.25,,,,,,838.8,4.8,45.1019,72.0,,,2.305
1973-09-30,10.78,6.9,,,,,,839.3,4.8,45.4624,,,,2.41
1973-10-31,10.01,6.71,,,,,,842.6,4.6,45.847,,,,2.23
1973-11-30,10.03,6.69,,,,,,848.9,4.8,46.0553,76.5,,,2.089
1973-12-31,9.95,6.9,,,,,,855.5,4.9,45.923,,,,1.763
1974-01-31,9.65,7.0,,,,,,859.7,5.1,45.6204,,,,1.031
1974-02-28,8.97,7.01,,,,,,864.2,5.2,45.4759,61.8,,,0.479
1974-03-31,9.35,7.41,,,,,,870.1,5.1,45.4777,,,,0.814
1974-04-30,10.51,7.66,,,,,,872.9,5.1,45.3451,,,,1.897
1974-05-31,11.31,7.52,,,,,,874.6,5.1,45.7044,72.1,,,3.689
1974-06-30,11.93,7.64,,,,,,877.8,5.4,45.6238,,,,4.862
1974-07-31,12.92,7.89,,,,,,881.4,5.5,45.7221,,,,5.201
1974-08-31,12.01,8.11,,,,,,884.1,5.5,45.2366,64.4,,,4.637
1974-09-30,11.34,7.94,,,,,,887.9,5.9,45.2365,,,,3.997
1974-10-31,10.06,7.79,,,,,,893.3,6.0,45.1133,,,,3.29
1974-11-30,9.45,7.64,,,,,,898.6,6.6,43.6278,59.5,,,2.738
1974-12-31,8.53,7.4,,,,,,902.1,7.2,42.0533,,,,2.449
1975-01-31,7.13,7.53,,,,,,906.3,8.1,41.4676,,,,1.737
1975-02-28,6.24,7.46,,,,,,914.1,8.1,40.5165,57.6,,,1.133
1975-03-31,5.54,8.01,,,,,,925.0,8.6,40.0638,,,,0.681
1975-04-30,5.49,8.31,,,,,,935.1,8.8,40.1573,,,,0.296
1975-05-31,5.22,8.04,,,,,,947.9,9.0,40.0253,72.8,,,-0.075
1975-06-30,5.55,7.96,,,,,,963.0,8.8,40.2772,,,,-0.171
1975-07-31,6.1,8.2,,,,,,975.1,8.6,40.6994,,,,-0.156
1975-08-31,6.14,8.22,,,,,,983.1,8.4,41.0998,75.7,,,-0.071
1975-09-30,6.24,8.48,,,,,,991.5,8.4,41.6304,,,,0.06
1975-10-31,5.82,7.91,,,,,,997.8,8.4,41.8135,,,,0.153
1975-11-30,5.22,8.14,,,,,,1006.9,8.3,41.8697,75.6,,,0.062
1975-12-31,5.2,7.76,,,,,,1016.2,8.2,42.4414,,,,-0.186
1976-01-31,4.87,7.8,,,,,,1026.6,7.9,43.0012,,,,-0.534
1976-02-29,4.77,7.77,,,,,,1040.3,7.7,43.4229,84.6,,,-0.695
1976-03-31,4.84,7.66,,,,,,1050.0,7.6,43.5168,,,,-0.744
1976-04-30,4.82,7.67,,,,,,1060.8,7.7,43.7327,,,,-0.628
1976-05-31,5.29,7.96,,,,,,1072.1,7.4,43.9186,83.3,,,-0.486
1976-06-30,5.48,7.86,7.02,,0.84,,,1077.6,7.6,43.9637,,,,-0.479
1976-07-31,5.31,7.86,6.74,,1.12,,,1086.3,7.8,44.2141,,,,-0.624
1976-08-31,5.29,7.66,6.5,,1.16,,,1098.7,7.8,44.5182,89.7,,,-0.708
1976-09-30,5.25,7.55,6.33,,1.22,,,1110.8,7.6,44.6721,,,,-0.725
1976-10-31,5.02,7.42,6.03,,1.39,,,1125.0,7.7,44.6585,,,,-0.688
1976-11-30,4.95,7.01,5.42,,1.59,,,1138.2,7.8,45.3392,87.0,,,-0.666
1976-12-31,4.65,6.81,5.34,,1.47,,,1152.0,7.8,45.8294,,,,-0.762
1977-01-31,4.61,7.4,6.18,,1.22,,,1165.2,7.5,45.5087,,,,-0.901
1977-02-28,4.68,7.45,6.08,,1.37,,,1177.6,7.6,46.2277,87.1,,,-0.946
1977-03-31,4.69,7.42,6.01,,1.41,,,1188.5,7.4,46.8185,,,,-0.853
1977-04-30,4.73,7.45,6.14,,1.31,,,1199.6,7.2,47.2684,,,,-0.652
1977-05-31,5.35,7.38,6.18,,1.2,,,1209.0,7.0,47.6411,90.2,,,-0.522
1977-06-30,5.39,7.2,6.08,,1.12,,,1217.8,7.2,48.0116,,,,-0.489
1977-07-31,5.42,7.42,6.5,,0.92,,,1226.7,6.9,48.073,,,,-0.512
1977-08-31,5.9,7.28,6.59,,0.69,,,1237.0,7.0,48.1205,89.0,,,-0.485
1977-09-30,6.14,7.41,6.82,,0.59,,,1246.2,6.8,48.3189,,,,-0.376
1977-10-31,6.47,7.62,7.23,,0.39,,,1254.0,6.8,48.3871,,,,-0.268
1977-11-30,6.51,7.55,7.11,,0.44,,,1262.4,6.8,48.4761,84.4,,,-0.215
1977-12-31,6.56,7.78,7.22,,0.56,,,1270.3,6.4,48.5629,,,,-0.258
1978-01-31,6.7,7.94,7.47,,0.47,,,1279.7,6.4,47.8481,83.7,,,-0.295
1978-02-28,6.78,8.04,7.57,,0.47,,,1285.5,6.3,48.1044,84.3,,,-0.216
1978-03-31,6.79,8.15,7.7,,0.45,,,1292.2,6.3,49.0265,78.8,,,0.042
1978-04-30,6.89,8.24,7.97,,0.27,,,1300.4,6.1,50.0206,81.6,,,0.294
1978-05-31,7.36,8.42,8.12,,0.3,,,1310.5,6.0,50.254,82.9,,,0.526
1978-06-30,7.6,8.62,8.48,,0.14,,,1318.5,5.9,50.5801,80.0,,,0.653
1978-07-31,7.81,8.56,8.47,,0.09,,,1324.1,6.2,50.5384,82.4,,,0.568
1978-08-31,8.04,8.39,8.46,,-0.07,,,1333.5,5.9,50.7458,78.4,,,0.48
1978-09-30,8.45,8.56,8.7,,-0.14,,,1345.0,6.0,50.8744,80.4,,,0.888
1978-10-31,8.96,8.96,9.49,,-0.53,,,1352.3,5.8,51.2559,79.3,,,1.598
1978-11-30,9.76,8.86,9.55,,-0.69,,,1359.1,5.9,51.6514,75.0,,,2.024
1978-12-31,10.03,9.15,9.98,,-0.83,,,1366.0,6.0,51.909,66.1,,,1.723
1979-01-31,10.07,8.95,9.64,,-0.69,,,1371.6,5.9,51.6278,72.1,,,1.132
1979-02-28,10.06,9.17,9.89,,-0.72,,,1377.8,5.9,51.8752,73.9,,,0.605
1979-03-31,10.09,9.11,9.72,,-0.61,,,1387.8,5.8,52.0446,68.4,,,0.266
1979-04-30,10.01,9.35,9.91,,-0.56,,,1402.1,5.8,51.4193,66.0,,,0.266
1979-05-31,10.24,9.06,9.56,,-0.5,,,1410.2,5.6,51.8856,68.1,,,0.454
1979-06-30,10.29,8.81,8.97,,-0.16,,,1423.0,5.7,51.8965,65.8,,,0.839
1979-07-31,10.47,9.01,9.31,,-0.3,,,1434.8,5.7,51.8097,60.4,,,1.169
1979-08-31,10.94,9.24,9.84,,-0.6,,,1446.6,6.0,51.4684,64.5,,,1.698
1979-09-30,11.43,9.44,10.1,,-0.66,,,1454.1,5.9,51.4597,66.7,,,2.19
1979-10-31,13.77,10.72,12.06,,-1.34,,,1460.4,6.0,51.8334,62.1,,,2.503
1979-11-30,13.18,10.38,11.33,,-0.95,,,1465.9,5.9,51.7531,63.3,,,2.303
1979-12-31,13.78,10.33,11.23,,-0.9,,,1473.7,6.0,51.7878,61.0,,,1.886
1980-01-31,13.82,11.13,11.75,,-0.62,,,1482.7,6.3,52.0679,67.0,,,1.785
1980-02-29,14.13,12.72,14.73,,-2.01,,,1494.6,6.3,52.082,66.9,,,2.688
1980-03-31,17.19,12.64,14.63,,-1.99,,,1499.8,6.3,51.87,56.5,,,3.746
1980-04-30,17.61,10.76,10.81,,-0.05,,,1502.2,6.9,50.8397,52.7,,,3.932
1980-05-31,10.98,10.25,9.25,,1.0,,,1512.3,7.5,49.589,51.7,,,2.709
1980-06-30,9.47,10.09,8.97,,1.12,,,1529.2,7.6,48.9482,58.7,,,1.51
1980-07-31,9.03,10.76,9.72,,1.04,,,1545.5,7.8,48.6039,62.3,,,0.829
1980-08-31,9.61,11.55,11.36,,0.19,,,1561.5,7.7,48.7563,67.3,,,0.88
1980-09-30,10.87,11.86,12.13,,-0.27,,,1574.0,7.5,49.5608,73.7,,,1.223
1980-10-31,12.81,12.46,13.08,,-0.62,,,1584.8,7.5,50.1908,75.0,,,1.99
1980-11-30,15.85,12.72,14.13,,-1.41,,,1595.8,7.5,51.0311,76.7,,,2.878
1980-12-31,18.9,12.43,13.06,,-0.63,,,1599.8,7.2,51.3708,64.5,,,3.322
1981-01-31,19.08,12.68,13.26,,-0.58,,,1606.9,7.5,51.0415,71.4,,,2.703
1981-02-28,15.93,13.43,14.08,,-0.65,,,1618.7,7.4,50.824,66.9,,,1.971
1981-03-31,14.7,13.13,13.17,,-0.04,,,1636.6,7.4,51.0826,66.5,,,1.667
1981-04-30,15.72,14.11,14.84,,-0.73,,,1659.2,7.2,50.858,72.4,,,1.928
1981-05-31,18.52,13.5,14.4,,-0.9,,,1664.2,7.5,51.1495,76.3,,,2.707
1981-06-30,19.1,13.86,14.66,,-0.8,,,1670.3,7.5,51.4101,73.1,,,3.316
1981-07-31,19.04,14.67,15.84,,-1.17,,,1681.9,7.2,51.7471,74.1,,,3.519
1981-08-31,17.82,15.41,16.73,,-1.32,,,1694.3,7.4,51.6826,77.2,,,3.266
1981-09-30,15.87,15.84,16.69,,-0.85,,,1706.0,7.6,51.4337,73.1,,,2.988
1981-10-31,15.08,14.63,14.59,,0.04,,,1721.8,7.9,51.0281,70.3,,,2.709
1981-11-30,13.31,13.13,12.36,,0.77,,,1736.1,8.3,50.435,62.5,,,2.389
1981-12-31,12.37,13.98,13.63,,0.35,,,1755.5,8.5,49.8987,64.3,,,2.077
1982-01-31,13.22,14.14,14.24,1.06,-0.1,,,1770.4,8.6,48.8685,71.0,,,1.908
1982-02-28,14.78,14.03,14.44,1.03,-0.41,,,1774.5,8.9,49.8636,66.5,,,2.007
1982-03-31,14.68,14.18,14.52,0.19,-0.34,,,1786.5,9.0,49.5323,62.0,,,2.111
1982-04-30,14.94,13.87,13.99,0.72,-0.12,,,1803.9,9.3,49.075,65.5,,,2.267
1982-05-31,14.45,13.71,13.62,1.74,0.09,,,1815.4,9.4,48.7483,67.5,,,2.595
1982-06-30,14.15,14.44,14.66,1.08,-0.22,,,1826.0,9.6,48.6214,65.7,,,2.919
1982-07-31,12.59,13.68,13.17,3.11,0.51,,,1831.5,9.8,48.4616,65.4,,,3.052
1982-08-31,10.12,12.81,11.99,4.09,0.82,,,1845.2,9.8,48.0192,65.4,,,3.349
1982-09-30,10.31,11.73,11.23,3.85,0.5,,,1858.4,10.1,47.9008,69.3,,,3.383
1982-10-31,9.71,10.71,9.85,2.54,0.86,,,1869.7,10.4,47.4371,73.4,,,2.158
1982-11-30,9.2,10.79,9.96,2.23,0.83,,,1883.7,10.8,47.283,72.1,,,1.135
1982-12-31,8.95,10.36,9.48,2.16,0.88,,,1905.9,10.8,46.9485,71.9,,,0.533
1983-01-31,8.68,10.8,9.58,2.44,1.22,,,1959.4,10.4,47.8234,70.4,,,0.24
1983-02-28,8.51,10.27,9.31,2.06,0.96,,,1996.8,10.4,47.5233,74.6,,,0.068
1983-03-31,8.77,10.62,9.87,1.66,0.75,,,2015.2,10.3,47.9244,80.8,,,0.011
1983-04-30,8.8,10.27,9.35,1.89,0.92,,,2028.6,10.2,48.5311,89.1,,,-0.096
1983-05-31,8.63,10.81,10.02,1.84,0.79,,,2043.1,10.1,48.8239,93.3,,,-0.192
1983-06-30,8.98,10.96,10.23,1.81,0.73,,,2053.5,10.1,49.123,92.2,,,-0.175
1983-07-31,9.37,11.76,11.03,2.17,0.73,,,2064.8,9.4,49.8546,92.8,,,-0.089
1983-08-31,9.56,11.98,11.18,2.34,0.8,,,2074.0,9.5,50.4443,90.9,,,-0.086
1983-09-30,9.45,11.44,10.53,2.4,0.91,,,2083.2,9.2,51.178,89.9,,,-0.084
1983-10-31,9.48,11.74,10.61,2.91,1.13,,,2099.2,8.8,51.5693,89.3,,,0.007
1983-11-30,9.34,11.63,10.67,2.39,0.96,,,2112.3,8.5,51.7993,91.1,,,0.097
1983-12-31,9.47,11.82,10.85,2.49,0.97,,,2123.5,8.3,52.0594,94.2,,,0.057
1984-01-31,9.56,11.67,10.58,2.41,1.09,,,2138.2,8.0,53.0985,100.1,,,-0.098
1984-02-29,9.59,12.04,10.99,2.55,1.05,,,2158.2,7.8,53.3318,97.4,,,-0.197
1984-03-31,9.91,12.53,11.6,2.44,0.93,,,2175.2,7.8,53.5929,101.0,,,-0.033
1984-04-30,10.29,12.82,11.89,2.72,0.93,,,2191.7,7.7,53.91,96.1,,,0.377
1984-05-31,10.32,13.91,13.0,3.78,0.91,,,2204.1,7.4,54.2026,98.1,,,0.885
1984-06-30,11.06,13.84,13.17,3.53,0.67,,,2215.1,7.2,54.4014,95.5,,,1.211
1984-07-31,11.23,12.91,12.57,2.08,0.34,,,2223.5,7.5,54.5521,96.6,,,1.01
1984-08-31,11.64,12.79,12.54,1.73,0.25,,,2230.4,7.5,54.6083,99.1,,,0.573
1984-09-30,11.3,12.47,12.07,1.84,0.4,,,2244.4,7.3,54.4466,100.9,,,0.322
1984-10-31,9.99,11.79,11.09,2.44,0.7,,,2258.9,7.4,54.4406,96.3,,,0.104
1984-11-30,9.43,11.58,10.5,2.84,1.08,,,2281.4,7.2,54.624,95.7,,,-0.119
1984-12-31,8.38,11.55,10.02,3.43,1.53,,,2306.4,7.3,54.6416,92.9,,,-0.283
1985-01-31,8.35,11.17,9.9,2.84,1.27,,,2332.4,7.3,54.6322,96.0,,,-0.39
1985-02-28,8.5,11.91,10.66,3.1,1.25,,,2354.1,7.2,54.7825,93.7,,,-0.352
1985-03-31,8.58,11.65,10.43,3.18,1.22,,,2366.2,7.2,54.8653,93.7,,,-0.273
1985-04-30,8.27,11.41,9.91,3.29,1.5,,,2375.4,7.3,54.7459,94.6,,,-0.338
1985-05-31,7.97,10.28,8.92,2.9,1.36,,,2389.5,7.2,54.8255,91.8,,,-0.464
1985-06-30,7.53,10.25,8.67,3.2,1.58,,,2412.6,7.4,54.7989,96.5,,,-0.443
1985-07-31,7.88,10.57,9.01,3.05,1.56,,,2429.5,7.4,54.5396,94.0,,,-0.321
1985-08-31,7.9,10.28,8.96,2.9,1.32,,,2444.0,7.1,54.7055,92.4,,,-0.15
1985-09-30,7.92,10.31,8.88,3.04,1.43,,,2456.4,7.1,54.8906,92.1,,,-0.147
1985-10-31,7.99,10.01,8.7,2.59,1.31,,,2468.0,7.1,54.7199,88.4,,,-0.274
1985-11-30,8.05,9.59,8.46,2.2,1.13,,,2477.8,7.0,54.9124,90.9,,,-0.335
1985-12-31,8.27,9.0,7.98,1.72,1.02,,,2492.1,7.0,55.4412,93.9,,,-0.271
1986-01-31,8.14,9.08,7.99,1.89,1.09,,,2502.1,6.7,55.7481,95.6,,,-0.265
1986-02-28,7.86,8.13,7.71,0.89,0.42,,,2512.9,7.2,55.3568,95.9,,,-0.305
1986-03-31,7.48,7.39,6.92,0.86,0.47,,,2533.1,7.2,54.9625,95.1,,,-0.342
1986-04-30,6.99,7.38,6.83,1.1,0.55,,,2557.8,7.1,55.0413,96.2,,,-0.428
1986-05-31,6.85,8.05,7.36,1.56,0.69,,,2584.8,7.2,55.1226,94.8,,,-0.481
1986-06-30,6.92,7.35,6.81,1.22,0.54,,,2605.0,7.2,54.9005,99.3,,,-0.45
1986-07-31,6.56,7.34,6.57,1.38,0.77,,,2626.6,7.0,55.2592,97.7,,,-0.498
1986-08-31,6.17,6.95,5.94,1.64,1.01,,,2646.5,6.9,55.1567,94.9,,,-0.593
1986-09-30,5.89,7.45,6.38,2.11,1.07,,,2667.8,7.0,55.2975,91.9,,,-0.558
1986-10-31,5.85,7.34,6.26,2.0,1.08,,,2687.4,7.0,55.5332,95.6,,,-0.547
1986-11-30,6.04,7.15,6.21,1.61,0.94,,,2701.3,6.9,55.7557,91.4,,,-0.555
1986-12-31,6.91,7.23,6.35,1.4,0.88,,,2728.0,6.6,56.2845,89.1,,,-0.514
1987-01-31,6.43,7.18,6.33,1.42,0.85,,,2743.9,6.6,56.0882,90.4,,,-0.491
1987-02-28,6.1,7.19,6.35,1.59,0.84,,,2747.5,6.6,56.8275,90.2,,,-0.439
1987-03-31,6.13,7.51,6.54,1.72,0.97,,,2753.7,6.6,56.9098,90.8,,,-0.177
1987-04-30,6.37,8.21,7.38,2.51,0.83,,,2767.7,6.3,57.2701,92.8,,,0.305
1987-05-31,6.85,8.49,7.69,2.62,0.8,,,2772.9,6.3,57.6322,91.1,,,0.618
1987-06-30,6.73,8.38,7.48,2.47,0.9,,,2774.6,6.2,57.9307,91.5,,,0.421
1987-07-31,6.58,8.66,7.63,2.39,1.03,,,2779.0,6.1,58.3258,93.7,,,0.048
1987-08-31,6.73,9.0,7.97,2.55,1.03,,,2788.2,6.0,58.7636,94.4,,,0.036
1987-09-30,7.22,9.63,8.6,2.8,1.03,,,2799.5,5.9,58.9951,93.6,,,0.488
1987-10-31,7.29,8.88,7.58,3.43,1.3,,,2814.8,6.0,59.781,89.3,,,1.099
1987-11-30,6.69,8.99,7.73,3.57,1.26,,,2818.9,5.8,60.0726,83.1,,,1.106
1987-12-31,6.77,8.83,7.77,2.97,1.06,,,2826.4,5.7,60.4095,86.8,,,0.831
1988-01-31,6.83,8.26,7.22,2.44,1.04,,,2847.4,5.7,60.3976,90.8,,,0.362
1988-02-29,6.58,8.16,7.13,2.36,1.03,,,2870.4,5.7,60.7003,91.6,,,0.134
1988-03-31,6.58,8.57,7.41,2.7,1.16,,,2890.7,5.7,60.8501,94.6,,,0.132
1988-04-30,6.87,8.87,7.73,2.71,1.14,,,2910.7,5.4,61.2031,91.2,,,0.247
1988-05-31,7.09,9.2,8.21,2.53,0.99,,,2926.0,5.6,61.0797,94.8,,,0.255
1988-06-30,7.51,8.82,8.02,2.05,0.8,,,2938.4,5.4,61.2569,94.7,,,0.302
1988-07-31,7.75,9.12,8.39,1.94,0.73,,,2947.2,5.4,61.2659,93.4,,,0.428
1988-08-31,8.01,9.25,8.71,1.71,0.54,,,2952.0,5.6,61.5731,97.4,,,0.396
1988-09-30,8.19,8.87,8.43,1.38,0.44,,,2956.9,5.4,61.3807,97.3,,,0.253
1988-10-31,8.3,8.65,8.25,1.03,0.4,,,2965.3,5.4,61.6453,94.1,,,0.186
1988-11-30,8.35,9.06,8.84,0.96,0.22,,,2980.2,5.3,61.7944,93.0,,,0.155
1988-12-31,8.76,9.14,9.14,0.77,0.0,,,2988.2,5.3,62.0743,91.9,,,0.141
1989-01-31,9.12,9.01,9.12,0.32,-0.11,,,2991.7,5.4,62.2574,97.9,,,0.188
1989-02-28,9.36,9.32,9.55,0.29,-0.23,,,2992.2,5.2,61.9819,95.4,,,0.408
1989-03-31,9.85,9.3,9.73,0.07,-0.43,,,2999.7,5.0,62.1369,94.3,,,0.715
1989-04-30,9.84,9.02,9.22,0.31,-0.2,,,3006.0,5.2,62.1276,91.5,,,0.619
1989-05-31,9.81,8.6,8.82,-0.32,-0.22,,,3011.6,5.2,61.7744,90.7,,,0.363
1989-06-30,9.53,8.1,8.08,-0.16,0.02,,,3027.9,5.3,61.7697,90.6,,,0.255
1989-07-31,9.24,7.82,7.53,-0.22,0.29,,,3052.4,5.2,61.1738,92.0,,,0.207
1989-08-31,8.99,8.26,8.42,0.1,-0.16,,,3074.4,5.2,61.7732,89.6,,,0.237
1989-09-30,9.02,8.31,8.46,0.13,-0.15,,,3092.5,5.3,61.5796,95.8,,,0.379
1989-10-31,8.84,7.92,7.85,-0.12,0.07,,,3114.1,5.3,61.4966,93.9,,,0.3
1989-11-30,8.55,7.84,7.75,0.0,0.09,,,3133.3,5.4,61.7044,90.9,,,0.101
1989-12-31,8.45,7.93,7.87,0.13,0.06,,,3152.5,5.4,62.0428,90.5,,,0.025
1990-01-31,8.23,8.43,8.28,0.43,0.15,,,3166.8,5.4,61.729,93.0,,25.36,0.063
1990-02-28,8.24,8.51,8.43,0.47,0.08,,,3179.2,5.3,62.2896,89.5,,21.99,0.051
1990-03-31,8.28,8.65,8.64,0.58,0.01,,,3190.1,5.2,62.5999,91.3,,19.73,0.077
1990-04-30,8.26,9.04,8.96,0.97,0.08,,,3201.6,5.4,62.4359,93.9,,19.52,0.11
1990-05-31,8.18,8.6,8.5,0.59,0.1,,,3200.6,5.4,62.6258,90.6,,17.37,-0.007
1990-06-30,8.29,8.43,8.24,0.43,0.19,,,3213.7,5.2,62.8382,88.3,,15.5,-0.156
1990-07-31,8.15,8.36,7.91,0.62,0.45,,,3224.5,5.5,62.7284,88.2,,21.11,-0.073
1990-08-31,8.13,8.86,8.07,1.23,0.79,,,3242.0,5.7,62.9475,76.4,,29.9,0.184
1990-09-30,8.2,8.82,8.02,1.45,0.8,,,3254.6,5.9,62.9523,72.8,,29.11,0.379
1990-10-31,8.11,8.65,7.77,1.31,0.88,,,3259.3,5.9,62.5845,63.9,,30.04,0.455
1990-11-30,7.81,8.26,7.53,1.02,0.73,,,3262.6,6.2,61.7887,66.0,,22.16,0.469
1990-12-31,7.31,8.08,7.15,1.45,0.93,,,3271.8,6.3,61.3352,65.5,,26.38,0.519
1991-01-31,6.91,8.03,7.05,1.66,0.98,,,3287.7,6.4,61.1355,66.8,,20.91,0.392
1991-02-28,6.25,8.02,7.04,1.8,0.98,,,3304.5,6.6,60.6838,70.4,,21.23,0.102
1991-03-31,6.12,8.05,7.02,2.13,1.03,,,3321.9,6.8,60.3346,87.7,,16.88,-0.149
1991-04-30,5.91,8.02,6.8,2.34,1.22,,,3332.4,6.7,60.4938,81.8,,18.24,-0.235
1991-05-31,5.78,8.06,6.68,2.35,1.38,,,3343.0,6.9,61.0633,78.3,,15.93,-0.237
1991-06-30,5.9,8.24,6.9,2.53,1.34,,,3351.9,6.9,61.5581,82.1,,19.55,-0.27
1991-07-31,5.82,8.2,6.81,2.5,1.39,,,3356.1,6.8,61.7305,82.9,,15.18,-0.415
1991-08-31,5.66,7.82,6.36,2.33,1.46,,,3355.0,6.9,61.7298,82.0,,14.46,-0.541
1991-09-30,5.45,7.47,5.99,2.21,1.48,,,3354.9,6.9,62.2195,83.0,,15.85,-0.561
1991-10-31,5.21,7.47,5.7,2.51,1.77,,,3360.1,7.0,62.1855,78.3,,15.48,-0.581
1991-11-30,4.81,7.38,5.38,2.91,2.0,,,3365.5,7.0,62.0871,69.1,,20.26,-0.628
1991-12-31,4.43,6.71,4.77,2.75,1.94,,,3372.2,7.3,61.7852,68.2,,19.31,-0.663
1992-01-31,4.03,7.31,5.11,3.37,2.2,,,3381.2,7.3,61.4616,67.5,,17.4,-0.657
1992-02-29,4.06,7.27,5.27,3.24,2.0,,,3400.0,7.4,61.8955,68.8,,16.68,-0.655
1992-03-31,3.98,7.54,5.6,3.39,1.94,,,3403.9,7.4,62.4232,76.0,,16.18,-0.683
1992-04-30,3.73,7.61,5.46,3.82,2.15,,,3399.7,7.4,62.897,77.2,,15.53,-0.761
1992-05-31,3.82,7.33,5.19,3.54,2.14,,,3398.6,7.6,63.104,79.2,,13.86,-0.859
1992-06-30,3.76,7.14,4.83,3.49,2.31,,,3393.4,7.8,63.1363,80.4,,13.35,-0.914
1992-07-31,3.25,6.72,4.42,3.47,2.3,,,3393.9,7.7,63.7176,76.6,,13.17,-0.937
1992-08-31,3.3,6.62,4.15,3.39,2.47,,,3398.8,7.6,63.3613,76.1,,13.58,-0.898
1992-09-30,3.22,6.37,3.8,3.62,2.57,,,3410.3,7.6,63.5703,75.6,,14.28,-0.804
1992-10-31,3.1,6.8,4.4,3.77,2.4,,,3423.8,7.3,63.9995,73.3,,16.15,-0.683
1992-11-30,3.09,6.95,4.79,3.57,2.16,,,3426.5,7.4,64.2422,85.3,,13.01,-0.735
1992-12-31,2.92,6.7,4.56,3.55,2.14,,,3424.7,7.4,64.3507,91.0,,12.57,-0.881
1993-01-31,3.02,6.39,4.2,3.43,2.19,,,3419.1,7.3,64.5978,89.3,,12.42,-0.957
1993-02-28,3.03,6.03,3.92,3.02,2.11,,,3414.5,7.1,64.9089,86.6,,13.16,-0.956
1993-03-31,3.07,6.03,3.96,3.08,2.07,,,3411.7,7.0,64.8522,85.9,,12.53,-0.975
1993-04-30,2.96,6.05,3.83,3.08,2.22,,,3411.3,7.1,65.0301,85.6,,12.42,-0.994
1993-05-31,3.0,6.16,4.24,3.03,1.92,,,3436.9,7.1,64.784,80.3,,13.47,-0.982
1993-06-30,3.04,5.8,4.03,2.7,1.77,,,3442.4,7.0,64.9301,81.5,,11.26,-1.02
1993-07-31,3.06,5.83,4.13,2.73,1.7,,,3442.0,6.9,65.1052,77.0,,11.73,-1.091
1993-08-31,3.03,5.45,3.88,2.37,1.57,,,3445.7,6.8,65.0267,77.3,,11.85,-1.09
1993-09-30,3.09,5.4,3.89,2.42,1.51,,,3452.2,6.7,65.3717,77.9,,12.99,-1.051
1993-10-31,2.99,5.43,3.99,2.33,1.44,,,3456.7,6.8,65.8509,82.7,,11.46,-0.966
1993-11-30,3.02,5.83,4.22,2.62,1.61,,,3470.1,6.6,66.1518,81.2,,13.76,-0.938
1993-12-31,2.96,5.83,4.25,2.76,1.58,,,3474.5,6.5,66.5436,88.2,,11.66,-1.004
1994-01-31,3.05,5.7,4.12,2.65,1.58,,,3474.9,6.6,66.7351,94.3,,10.63,-1.012
1994-02-28,3.25,6.15,4.67,2.68,1.48,,,3475.7,6.6,66.774,93.2,,14.87,-0.919
1994-03-31,3.34,6.77,5.21,3.21,1.56,,,3480.1,6.5,67.4552,91.5,,20.45,-0.791
1994-04-30,3.56,7.06,5.73,3.09,1.33,,,3481.3,6.4,67.8541,92.6,,13.77,-0.722
1994-05-31,4.01,7.17,6.01,2.86,1.16,,,3490.8,6.1,68.1663,92.8,,13.03,-0.722
1994-06-30,4.25,7.34,6.19,3.08,1.15,,,3479.5,6.1,68.6265,91.2,,14.97,-0.717
1994-07-31,4.26,7.12,5.99,2.73,1.13,,,3488.2,6.1,68.7178,89.0,,11.13,-0.77
1994-08-31,4.47,7.19,6.17,2.51,1.02,,,3485.7,6.0,69.1785,91.7,,11.97,-0.806
1994-09-30,4.73,7.62,6.62,2.82,1.0,,,3486.1,5.9,69.3961,91.5,,14.28,-0.694
1994-10-31,4.76,7.81,6.84,2.61,0.97,,,3484.3,5.8,69.9544,92.7,,14.56,-0.6
1994-11-30,5.29,7.91,7.4,2.19,0.51,,,3487.2,5.6,70.4326,91.6,,15.95,-0.503
1994-12-31,5.45,7.84,7.69,2.16,0.15,,,3486.4,5.5,71.1523,95.1,,13.2,-0.405
1995-01-31,5.53,7.6,7.26,1.6,0.34,,,3492.4,5.6,71.2734,97.6,,11.96,-0.505
1995-02-28,5.92,7.22,6.79,1.28,0.43,,,3489.9,5.4,71.193,95.1,,11.75,-0.621
1995-03-31,5.98,7.2,6.8,1.32,0.4,,,3491.1,5.4,71.3113,90.3,,13.37,-0.639
1995-04-30,6.05,7.07,6.6,1.2,0.47,,,3499.2,5.8,71.1882,92.5,,11.75,-0.672
1995-05-31,6.01,6.3,5.89,0.49,0.41,,,3524.2,5.6,71.5378,89.8,,12.85,-0.712
1995-06-30,6.0,6.21,5.79,0.61,0.42,,,3548.9,5.6,71.7749,92.7,,11.38,-0.672
1995-07-31,5.85,6.45,5.88,0.85,0.57,,,3567.4,5.7,71.4748,94.4,,13.49,-0.68
1995-08-31,5.74,6.28,5.85,0.83,0.43,,,3589.0,5.7,72.4223,96.2,,11.52,-0.712
1995-09-30,5.8,6.17,5.83,0.77,0.34,,,3602.1,5.6,72.7144,88.9,,12.74,-0.698
1995-10-31,5.76,6.03,5.61,0.55,0.42,,,3613.4,5.5,72.5866,90.2,,13.83,-0.714
1995-11-30,5.8,5.76,5.36,0.28,0.4,,,3619.9,5.6,72.7779,88.2,,11.58,-0.752
1995-12-31,5.6,5.58,5.18,0.48,0.4,,,3629.5,5.6,73.0305,91.0,,12.52,-0.744
1996-01-31,5.56,5.6,4.93,0.55,0.67,,,3647.9,5.6,72.6125,89.3,,12.53,-0.793
1996-02-29,5.22,6.13,5.44,1.11,0.69,,,3661.8,5.5,73.6752,88.5,,17.04,-0.82
1996-03-31,5.31,6.34,5.79,1.21,0.55,,,3686.9,5.5,73.585,93.7,,18.88,-0.719
1996-04-30,5.22,6.66,6.03,1.52,0.63,,,3697.7,5.6,74.3172,92.7,,15.83,-0.686
1996-05-31,5.24,6.85,6.27,1.67,0.58,,,3709.6,5.6,74.8726,89.4,,16.07,-0.717
1996-06-30,5.27,6.73,6.11,1.55,0.62,,,3722.5,5.3,75.4433,92.4,,13.68,-0.701
1996-07-31,5.4,6.8,6.22,1.48,0.58,,,3737.1,5.5,75.4549,94.7,,19.46,-0.712
1996-08-31,5.22,6.96,6.34,1.67,0.62,,,3744.0,5.1,75.8411,95.3,,17.01,-0.745
1996-09-30,5.3,6.72,6.1,1.58,0.62,,,3753.4,5.2,76.3158,94.7,,16.95,-0.732
1996-10-31,5.24,6.37,5.77,1.2,0.6,,,3772.8,5.2,76.3384,96.5,,18.11,-0.765
1996-11-30,5.31,6.06,5.59,0.93,0.47,,,3795.1,5.4,77.0397,99.2,,17.14,-0.771
1996-12-31,5.29,6.43,5.88,1.22,0.55,,,3818.6,5.4,77.5333,96.9,,20.92,-0.707
1997-01-31,5.25,6.53,5.94,1.38,0.59,,,3834.6,5.3,77.6562,97.4,,19.47,-0.71
1997-02-28,5.19,6.56,6.09,1.34,0.47,,,3846.3,5.2,78.5833,99.7,,21.1,-0.736
1997-03-31,5.39,6.92,6.45,1.57,0.47,,,3861.2,5.2,79.082,100.0,,22.14,-0.691
1997-04-30,5.51,6.72,6.29,1.44,0.43,,,3877.0,5.1,79.1747,101.4,,20.06,-0.639
1997-05-31,5.5,6.67,6.22,1.71,0.45,,,3889.2,4.9,79.6133,103.2,,19.19,-0.628
1997-06-30,5.56,6.51,6.08,1.26,0.43,,,3906.0,5.0,79.9792,104.5,,21.53,-0.641
1997-07-31,5.52,6.02,5.74,0.77,0.28,,,3923.9,4.9,80.6624,107.1,,21.48,-0.657
1997-08-31,5.54,6.34,5.97,1.1,0.37,,,3957.4,4.8,81.4694,104.4,,24.76,-0.648
1997-09-30,5.54,6.12,5.8,1.06,0.32,,,3973.1,4.9,82.2156,106.0,,22.91,-0.613
1997-10-31,5.5,5.84,5.63,0.63,0.21,,,3992.3,4.7,82.9446,105.6,,35.09,-0.511
1997-11-30,5.52,5.86,5.76,0.64,0.1,,,4014.8,4.6,83.5978,107.2,,27.43,-0.473
1997-12-31,5.5,5.75,5.66,0.39,0.09,,,4032.9,4.7,83.9538,102.1,,24.01,-0.513
1998-01-31,5.56,5.53,5.32,0.34,0.21,,,4056.2,4.6,84.3218,106.6,,21.47,-0.598
1998-02-28,5.51,5.62,5.55,0.3,0.07,,,4088.9,4.6,84.4583,110.4,,18.55,-0.639
1998-03-31,5.49,5.67,5.6,0.51,0.07,,,4114.3,4.7,84.488,106.5,,24.22,-0.626
1998-04-30,5.45,5.68,5.59,0.68,0.09,,,4140.2,4.3,84.7779,108.7,,21.18,-0.604
1998-05-31,5.49,5.56,5.53,0.53,0.03,,,4164.4,4.4,85.3367,106.5,,21.32,-0.571
1998-06-30,5.56,5.44,5.49,0.34,-0.05,,,4184.1,4.5,84.8248,105.6,,19.71,-0.556
1998-07-31,5.54,5.5,5.49,0.4,0.01,,,4203.8,4.5,84.4986,105.2,,24.8,-0.511
1998-08-31,5.55,5.05,4.91,0.09,0.14,,,4228.7,4.5,86.248,104.4,,44.28,-0.314
1998-09-30,5.51,4.44,4.3,0.07,0.14,,,4267.7,4.6,86.2021,100.9,,40.95,-0.069
1998-10-31,5.07,4.64,4.12,0.31,0.52,,,4307.9,4.5,86.7914,97.4,,28.05,-0.006
1998-11-30,4.83,4.74,4.54,0.17,0.2,,,4346.6,4.4,86.7256,102.7,,26.01,-0.115
1998-12-31,4.68,4.65,4.54,0.17,0.11,,,4375.6,4.4,87.1185,100.5,,24.42,-0.191
1999-01-31,4.63,4.66,4.58,0.18,0.08,,,4403.0,4.3,87.4949,103.9,,26.25,-0.273
1999-02-28,4.76,5.29,5.13,0.63,0.16,,,4425.8,4.4,88.027,108.1,,27.88,-0.353
1999-03-31,4.81,5.25,4.99,0.76,0.26,,,4432.6,4.2,88.2267,105.7,,23.26,-0.404
1999-04-30,4.74,5.36,5.08,0.81,0.28,,,4461.4,4.3,88.4295,104.6,,25.07,-0.426
1999-05-31,4.74,5.64,5.42,0.98,0.22,,,4486.1,4.2,88.9886,106.8,,25.39,-0.401
1999-06-30,4.76,5.81,5.53,1.03,0.28,,,4508.0,4.3,88.9188,107.3,,21.09,-0.331
1999-07-31,4.99,5.92,5.63,1.17,0.29,,,4535.4,4.3,89.4333,106.0,,24.64,-0.211
1999-08-31,5.07,5.98,5.73,1.0,0.25,,,4552.7,4.2,89.7924,104.5,,24.45,-0.149
1999-09-30,5.22,5.9,5.63,1.02,0.27,,,4568.8,4.2,89.4299,107.2,,25.41,-0.1
1999-10-31,5.2,6.02,5.79,0.9,0.23,,,4592.7,4.1,90.523,103.2,,22.2,-0.111
1999-11-30,5.42,6.18,6.01,0.88,0.17,,,4611.8,4.1,90.9618,107.2,,24.18,-0.168
1999-12-31,5.3,6.45,6.24,1.12,0.21,,,4639.3,4.0,91.6634,105.4,,24.64,-0.172
2000-01-31,5.45,6.68,6.61,0.92,0.07,,,4667.6,4.0,91.538,112.0,,24.95,-0.21
2000-02-29,5.73,6.42,6.53,0.64,-0.11,,,4680.9,4.1,91.8239,111.3,,23.37,-0.189
2000-03-31,5.85,6.03,6.5,0.15,-0.47,,,4711.7,4.0,92.1504,107.1,,24.11,-0.088
2000-04-30,6.02,6.23,6.68,0.41,-0.45,,,4767.8,3.8,92.6989,109.2,,26.2,-0.032
2000-05-31,6.27,6.29,6.69,0.66,-0.4,,,4755.7,4.0,92.9499,110.7,,23.65,0.025
2000-06-30,6.53,6.03,6.38,0.15,-0.35,,,4773.6,4.0,92.9862,106.4,,19.54,-0.001
2000-07-31,6.54,6.04,6.3,-0.23,-0.26,,,4791.3,4.0,92.8048,108.3,,20.74,-0.115
2000-08-31,6.5,5.73,6.18,-0.58,-0.45,,,4819.5,4.1,92.5521,107.3,,16.84,-0.198
2000-09-30,6.52,5.8,5.98,-0.43,-0.18,,,4855.2,3.9,92.9792,106.8,,20.57,-0.196
2000-10-31,6.51,5.77,5.94,-0.61,-0.17,,,4871.3,3.9,92.6179,105.8,,23.63,-0.167
2000-11-30,6.51,5.48,5.61,-0.73,-0.13,,,4882.7,3.9,92.6438,107.6,,29.65,-0.106
2000-12-31,6.4,5.12,5.11,-0.77,0.01,,,4927.6,3.9,92.3415,98.4,,26.85,-0.09
2001-01-31,5.98,5.19,4.62,0.2,0.57,,,4978.3,4.2,91.902,94.7,,22.02,-0.224
2001-02-28,5.49,4.92,4.41,0.07,0.51,,,5017.0,4.2,91.3034,90.6,,28.35,-0.278
2001-03-31,5.31,4.93,4.18,0.63,0.75,,,5074.8,4.3,91.1162,91.5,,28.64,-0.253
2001-04-30,4.8,5.35,4.3,1.4,1.05,,,5139.1,4.4,90.7891,88.4,,25.48,-0.333
2001-05-31,4.21,5.43,4.22,1.8,1.21,,,5137.2,4.3,90.3555,92.0,,22.64,-0.422
2001-06-30,3.97,5.42,4.25,1.77,1.17,,,5180.1,4.5,89.8784,92.6,,19.06,-0.459
2001-07-31,3.77,5.07,3.79,1.53,1.28,,,5210.0,4.6,89.3028,92.4,,21.62,-0.498
2001-08-31,3.65,4.85,3.64,1.48,1.21,,,5243.8,4.9,89.2003,91.5,,24.92,-0.431
2001-09-30,3.07,4.6,2.86,2.2,1.74,,,5355.1,5.0,88.7485,81.8,,31.93,-0.336
2001-10-31,2.49,4.3,2.44,2.25,1.86,,,5343.8,5.3,88.5052,82.7,,33.56,-0.381
2001-11-30,2.09,4.78,2.84,3.0,1.94,,,5387.5,5.5,87.97,83.9,,23.84,-0.373
2001-12-31,1.82,5.07,3.07,3.33,2.0,,,5440.5,5.7,87.9324,88.8,,23.8,-0.37
2002-01-31,1.73,5.07,3.16,3.31,1.91,,,5460.9,5.7,88.5176,93.0,,21.09,-0.462
2002-02-28,1.74,4.88,3.06,3.09,1.82,,,5490.2,5.7,88.5278,90.7,,21.59,-0.491
2002-03-31,1.73,5.42,3.72,3.63,1.7,,,5502.0,5.7,89.1686,95.7,,17.4,-0.502
2002-04-30,1.75,5.11,3.24,3.34,1.87,,,5502.1,5.9,89.604,93.0,,21.91,-0.579
2002-05-31,1.75,5.08,3.22,3.34,1.86,,,5528.3,5.8,89.964,96.9,,19.98,-0.624
2002-06-30,1.75,4.86,2.9,3.16,1.96,,,5553.3,5.8,90.7061,92.4,,25.4,-0.537
2002-07-31,1.73,4.51,2.23,2.8,2.28,,,5596.0,5.8,90.6769,88.1,,32.03,-0.438
2002-08-31,1.74,4.14,2.14,2.45,2.0,,,5638.3,5.7,90.5762,87.6,,32.64,-0.388
2002-09-30,1.75,3.63,1.72,2.06,1.91,,,5662.3,5.7,90.6531,86.1,,39.69,-0.352
2002-10-31,1.75,3.93,1.68,2.49,2.25,,,5707.1,5.7,90.4643,80.6,,31.14,-0.385
2002-11-30,1.34,4.22,2.08,3.0,2.14,,,5758.1,5.9,90.9711,84.2,,27.5,-0.453
2002-12-31,1.24,3.83,1.61,2.61,2.22,,732059.0,5779.4,6.0,90.4652,86.7,,28.62,-0.47
2003-01-31,1.24,4.0,1.72,2.82,2.28,2.19,712809.0,5812.1,5.8,91.2361,82.4,,31.17,-0.523
2003-02-28,1.26,3.71,1.53,2.51,2.18,1.77,721980.0,5848.2,5.9,91.3445,79.9,,29.63,-0.536
2003-03-31,1.25,3.83,1.51,2.69,2.32,2.03,725019.0,5868.4,5.9,91.1044,77.6,,29.15,-0.587
2003-04-30,1.26,3.89,1.51,2.76,2.38,2.16,746294.0,5905.5,6.0,90.5617,86.0,,21.21,-0.682
2003-05-31,1.26,3.37,1.33,2.26,2.04,1.77,744896.0,5965.3,6.1,90.537,92.1,,19.47,-0.711
2003-06-30,1.22,3.54,1.32,2.64,2.22,1.9,744018.0,6002.2,6.3,90.6527,89.7,,19.52,-0.712
2003-07-31,1.01,4.49,1.8,3.53,2.69,2.41,740295.0,6049.1,6.2,91.1185,90.9,,19.49,-0.71
2003-08-31,1.03,4.45,1.95,3.47,2.5,2.29,740637.0,6107.1,6.1,90.9197,89.3,,18.63,-0.668
2003-09-30,1.01,3.96,1.5,3.01,2.46,1.95,741193.0,6079.7,6.1,91.5059,87.7,,22.72,-0.681
2003-10-31,1.01,4.33,1.85,3.37,2.48,1.93,747272.0,6070.0,6.0,91.6186,89.6,,16.1,-0.715
2003-11-30,1.0,4.34,2.06,3.41,2.28,2.03,756964.0,6075.5,5.8,92.2329,93.7,,16.32,-0.714
2003-12-31,0.98,4.27,1.84,3.32,2.43,2.0,771551.0,6073.8,5.7,92.2602,92.6,,18.31,-0.723
2004-01-31,1.0,4.16,1.84,3.24,2.32,1.85,755279.0,6082.1,5.7,92.4006,103.8,,16.63,-0.786
2004-02-29,1.01,3.99,1.66,3.03,2.33,1.61,750666.0,6121.8,5.6,92.958,94.4,,14.55,-0.814
2004-03-31,1.0,3.86,1.6,2.91,2.26,1.48,760725.0,6157.9,5.8,92.5861,95.8,,16.74,-0.802
2004-04-30,1.0,4.53,2.31,3.55,2.22,2.11,772927.0,6198.9,5.6,92.93,94.2,,17.19,-0.74
2004-05-31,1.0,4.66,2.54,3.58,2.12,2.0,771108.0,6275.7,5.6,93.6013,90.2,,15.5,-0.695
2004-06-30,1.03,4.62,2.7,3.29,1.92,2.1,779578.0,6277.9,5.6,92.871,95.6,,14.34,-0.686
2004-07-31,1.26,4.5,2.68,3.05,1.82,2.01,773916.0,6291.1,5.5,93.5649,96.7,,15.32,-0.696
2004-08-31,1.43,4.13,2.41,2.54,1.72,1.78,775437.0,6317.8,5.4,93.6277,95.9,,15.29,-0.701
2004-09-30,1.61,4.14,2.63,2.43,1.51,1.77,786330.0,6352.2,5.4,93.7467,94.2,,13.34,-0.7
2004-10-31,1.76,4.05,2.56,2.14,1.49,1.63,791336.0,6379.8,5.5,94.5465,91.7,,16.27,-0.706
2004-11-30,1.93,4.36,3.02,2.13,1.34,1.75,809956.0,6406.3,5.4,94.7813,92.8,,13.24,-0.715
2004-12-31,2.16,4.24,3.08,2.02,1.16,1.68,810944.0,6424.5,5.4,95.5365,97.1,,13.29,-0.697
2005-01-31,2.28,4.14,3.29,1.63,0.85,1.65,807262.0,6430.8,5.3,95.8801,95.5,,12.82,-0.703
2005-02-28,2.5,4.36,3.59,1.6,0.77,1.7,804576.0,6438.9,5.4,96.5761,94.1,,12.08,-0.71
2005-03-31,2.63,4.5,3.8,1.71,0.7,1.79,807551.0,6448.3,5.2,96.4456,92.6,,14.02,-0.665
2005-04-30,2.79,4.21,3.66,1.31,0.55,1.61,809797.0,6461.8,5.2,96.6532,87.7,,15.31,-0.61
2005-05-31,3.0,4.0,3.6,1.01,0.4,1.63,810160.0,6479.0,5.1,96.7402,86.9,,13.29,-0.599
2005-06-30,3.04,3.94,3.66,0.81,0.28,1.67,810082.0,6511.7,5.0,97.1753,96.0,,12.04,-0.603
2005-07-31,3.26,4.28,4.02,0.86,0.26,1.92,814259.0,6543.5,5.0,96.8676,96.5,,11.57,-0.614
2005-08-31,3.5,4.02,3.84,0.5,0.18,1.65,823237.0,6576.3,4.9,97.1833,89.1,,12.6,-0.599
2005-09-30,3.62,4.34,4.18,0.79,0.16,1.78,823771.0,6610.1,5.0,95.3005,76.9,,11.92,-0.567
2005-10-31,3.78,4.57,4.4,0.59,0.17,2.0,819105.0,6643.9,5.0,96.4572,74.2,,15.32,-0.584
2005-11-30,4.0,4.49,4.42,0.54,0.07,2.12,835059.0,6660.7,5.0,97.5414,81.6,,12.06,-0.581
2005-12-31,4.16,4.39,4.41,0.31,-0.02,2.06,847700.0,6687.8,4.9,98.0452,91.5,,12.07,-0.563
2006-01-31,4.29,4.53,4.54,0.06,-0.01,2.0,828901.0,6730.1,4.7,98.1999,91.2,,12.95,-0.603
2006-02-28,4.49,4.55,4.69,-0.07,-0.14,2.02,840555.0,6754.7,4.8,98.2413,86.7,,12.34,-0.633
2006-03-31,4.59,4.86,4.82,0.23,0.04,2.35,833675.0,6769.3,4.7,98.4628,88.9,,11.39,-0.628
2006-04-30,4.79,5.07,4.87,0.3,0.2,2.39,844572.0,6806.9,4.7,98.7618,87.4,,11.59,-0.619
2006-05-31,4.94,5.12,5.04,0.26,0.08,2.48,851580.0,6813.7,4.6,98.7869,79.1,,16.44,-0.582
2006-06-30,4.99,5.15,5.16,0.14,-0.01,2.54,844436.0,6851.8,4.6,99.0997,84.9,,13.08,-0.529
2006-07-31,5.24,4.99,4.97,-0.11,0.02,2.41,841552.0,6893.6,4.7,99.0489,84.7,,14.95,-0.559
2006-08-31,5.25,4.74,4.79,-0.31,-0.05,2.24,850925.0,6925.1,4.7,99.4836,82.0,,12.31,-0.603
2006-09-30,5.25,4.64,4.71,-0.25,-0.07,2.27,849971.0,6952.4,4.5,99.3183,85.4,,11.98,-0.606
2006-10-31,5.25,4.61,4.71,-0.47,-0.1,2.34,852648.0,7001.7,4.4,99.2044,93.6,,11.1,-0.628
2006-11-30,5.25,4.46,4.62,-0.57,-0.16,2.16,856671.0,7037.2,4.5,99.1627,92.1,,10.91,-0.627
2006-12-31,5.24,4.71,4.82,-0.31,-0.11,2.41,869988.0,7080.1,4.4,100.1735,91.7,,11.56,-0.633
2007-01-31,5.25,4.83,4.94,-0.29,-0.11,2.4,865730.0,7118.3,4.6,99.8346,96.9,,10.42,-0.68
2007-02-28,5.26,4.56,4.65,-0.6,-0.09,2.2,877409.0,7134.3,4.5,100.7753,91.3,,15.42,-0.662
2007-03-31,5.26,4.65,4.58,-0.39,0.07,2.21,869803.0,7168.2,4.4,100.9547,88.4,,14.64,-0.606
2007-04-30,5.25,4.63,4.6,-0.28,0.03,2.2,879686.0,7240.7,4.5,101.6334,87.1,,14.22,-0.588
2007-05-31,5.25,4.9,4.92,0.17,-0.02,2.54,876986.0,7254.6,4.4,101.7306,88.3,,13.05,-0.553
2007-06-30,5.25,5.03,4.87,0.21,0.16,2.65,865105.0,7287.8,4.6,101.7893,85.3,,16.23,-0.522
2007-07-31,5.26,4.78,4.56,-0.18,0.22,2.44,863890.0,7318.7,4.7,101.6672,90.4,,23.52,-0.29
2007-08-31,5.02,4.54,4.15,0.53,0.39,2.34,872873.0,7394.8,4.6,101.863,83.4,,23.38,0.205
2007-09-30,4.94,4.59,3.97,0.77,0.62,2.27,889900.0,7413.0,4.7,102.0894,83.4,,18.0,0.077
2007-10-31,4.76,4.48,3.94,0.54,0.54,2.14,883385.0,7428.1,4.7,101.8015,80.9,,18.53,0.0
2007-11-30,4.49,3.97,3.04,0.82,0.93,1.63,879417.0,7453.6,4.7,102.3446,76.1,,22.87,0.481
2007-12-31,4.24,4.04,3.05,0.68,0.99,1.73,890662.0,7483.9,5.0,102.3803,75.5,,22.5,0.522
2008-01-31,3.94,3.67,2.17,1.71,1.5,1.33,900264.0,7517.5,5.0,102.2448,78.4,,26.2,0.417
2008-02-29,2.98,3.53,1.65,1.68,1.88,1.1,893825.0,7604.0,4.9,101.8438,70.8,,26.54,0.793
2008-03-31,2.61,3.45,1.62,2.07,1.83,1.11,893965.0,7670.0,5.1,101.5336,69.5,,25.61,0.947
2008-04-30,2.28,3.77,2.29,2.34,1.48,1.5,888131.0,7712.5,5.0,100.8785,62.6,,20.79,0.651
2008-05-31,1.98,4.06,2.66,2.17,1.4,1.58,904054.0,7725.2,5.4,100.2674,59.8,,17.83,0.505
2008-06-30,2.0,3.99,2.63,2.09,1.36,1.48,892713.0,7743.9,5.6,100.0335,56.4,,23.95,0.714
2008-07-31,2.01,3.99,2.52,2.31,1.47,1.65,918625.0,7791.2,5.8,99.676,61.2,,22.94,0.717
2008-08-31,2.0,3.83,2.36,2.11,1.47,1.68,909982.0,7805.8,6.1,98.1111,63.0,,20.65,0.841
2008-09-30,1.81,3.85,2.0,2.93,1.85,2.25,1211825.0,7872.4,6.1,93.7895,70.3,,39.39,1.791
2008-10-31,0.97,4.01,1.56,3.55,2.45,3.14,1969086.0,7974.9,6.5,94.7219,57.6,,59.89,2.785
2008-11-30,0.39,2.93,1.0,2.92,1.93,2.6,2106117.0,8027.0,6.8,93.4715,55.3,,55.84,3.065
2008-12-31,0.16,2.25,0.76,2.14,1.49,2.14,2239457.0,8204.7,7.3,90.8357,60.1,,40.0,2.712
2009-01-31,0.15,2.87,0.94,2.63,1.93,1.73,1927082.0,8289.0,7.8,88.57,61.2,,44.84,2.136
2009-02-28,0.22,3.02,1.0,2.76,2.02,2.06,1916115.0,8319.3,8.3,88.031,56.3,,46.35,2.141
2009-03-31,0.18,2.71,0.81,2.5,1.9,1.43,2071556.0,8386.4,8.7,86.6528,57.3,,44.14,1.93
2009-04-30,0.15,3.16,0.91,3.02,2.25,1.69,2066712.0,8391.1,9.0,85.9344,65.1,,36.5,1.383
2009-05-31,0.18,3.47,0.92,3.33,2.55,1.67,2080115.0,8449.2,9.4,85.0665,68.7,,28.92,0.879
2009-06-30,0.21,3.53,1.11,3.34,2.42,1.78,2025571.0,8459.3,9.5,84.7459,70.8,,26.35,0.728
2009-07-31,0.16,3.52,1.13,3.34,2.39,1.71,2000547.0,8463.5,9.5,85.7027,66.0,,25.92,0.42
2009-08-31,0.16,3.4,0.97,3.25,2.43,1.76,2074902.0,8463.0,9.6,86.6426,65.7,,26.01,0.233
2009-09-30,0.15,3.31,0.95,3.17,2.36,1.56,2141020.0,8461.6,9.8,87.4063,73.5,,25.61,0.105
2009-10-31,0.12,3.41,0.9,3.36,2.51,1.41,2161537.0,8487.9,10.0,87.6419,70.6,,30.69,0.024
2009-11-30,0.12,3.21,0.67,3.15,2.54,1.13,2206359.0,8517.0,9.9,88.0221,67.4,,24.51,-0.029
2009-12-31,0.12,3.85,1.14,3.79,2.71,1.48,2234067.0,8512.2,9.9,88.3793,72.5,,21.68,-0.149
2010-01-31,0.11,3.63,0.82,3.55,2.81,1.3,2246886.0,8477.7,9.8,89.3426,74.4,,24.62,-0.198
2010-02-28,0.13,3.61,0.81,3.48,2.8,1.48,2286127.0,8527.3,9.8,89.6779,73.6,,19.5,-0.243
2010-03-31,0.16,3.84,1.02,3.68,2.82,1.6,2307150.0,8523.5,9.9,90.2928,73.6,,17.59,-0.415
2010-04-30,0.2,3.69,0.97,3.53,2.72,1.29,2330472.0,8554.8,9.9,90.5991,72.2,,22.05,-0.349
2010-05-31,0.2,3.31,0.76,3.15,2.55,1.32,2334041.0,8609.0,9.6,91.823,73.6,,32.07,-0.069
2010-06-30,0.18,2.97,0.61,2.79,2.36,1.15,2330851.0,8628.1,9.4,91.9928,76.0,,34.54,-0.07
2010-07-31,0.18,2.94,0.55,2.79,2.39,1.14,2325298.0,8639.5,9.4,92.3421,67.8,,23.5,-0.244
2010-08-31,0.19,2.47,0.47,2.33,2.0,0.95,2301015.0,8687.9,9.5,92.6805,68.9,,26.05,-0.268
2010-09-30,0.19,2.53,0.42,2.37,2.11,0.75,2298691.0,8718.7,9.5,92.9537,68.2,,23.7,-0.331
2010-10-31,0.19,2.63,0.34,2.51,2.29,0.5,2295392.0,8768.4,9.4,92.6903,67.7,,21.2,-0.432
2010-11-30,0.19,2.81,0.45,2.64,2.36,0.74,2346001.0,8789.0,9.8,92.7709,71.6,,23.54,-0.45
2010-12-31,0.18,3.3,0.61,3.18,2.69,1.0,2420570.0,8823.2,9.3,93.6787,74.5,,17.75,-0.523
2011-01-31,0.17,3.42,0.58,3.27,2.84,1.08,2443527.0,8849.0,9.1,93.4814,74.2,,19.53,-0.595
2011-02-28,0.16,3.42,0.69,3.27,2.73,1.03,2533221.0,8913.3,9.0,93.1102,77.5,,18.35,-0.574
2011-03-31,0.14,3.47,0.8,3.38,2.67,0.99,2622523.0,8971.5,9.0,94.0788,67.5,,17.74,-0.549
2011-04-30,0.1,3.32,0.61,3.28,2.71,0.75,2690985.0,9035.1,9.1,93.7749,69.8,,14.75,-0.6
2011-05-31,0.09,3.05,0.45,2.99,2.6,0.8,2774996.0,9107.8,9.0,93.888,74.3,,15.45,-0.561
2011-06-30,0.09,3.18,0.45,3.15,2.73,0.75,2865251.0,9182.1,9.1,94.172,71.5,,16.52,-0.519
2011-07-31,0.07,2.82,0.36,2.72,2.46,0.38,2863576.0,9344.2,9.0,94.636,63.7,,25.25,-0.394
2011-08-31,0.1,2.23,0.2,2.21,2.03,0.18,2853888.0,9531.0,9.0,95.2749,55.8,,31.62,-0.136
2011-09-30,0.08,1.92,0.25,1.9,1.67,0.17,2850921.0,9551.5,9.0,95.1961,59.5,,42.96,-0.038
2011-10-31,0.07,2.17,0.25,2.16,1.92,0.08,2845685.0,9584.4,8.8,95.8568,60.8,,29.96,-0.103
2011-11-30,0.08,2.08,0.25,2.07,1.83,0.03,2814235.0,9636.5,8.6,95.8485,63.7,,27.8,-0.072
2011-12-31,0.07,1.89,0.25,1.87,1.64,-0.07,2926095.0,9683.9,8.5,96.3571,69.9,,23.4,-0.149
2012-01-31,0.08,1.83,0.22,1.77,1.61,-0.28,2919545.0,9757.6,8.3,96.9318,75.0,,19.44,-0.324
2012-02-29,0.1,1.98,0.3,1.9,1.68,-0.28,2925722.0,9809.8,8.3,97.2435,75.3,,18.43,-0.408
2012-03-31,0.13,2.23,0.33,2.16,1.9,-0.09,2878137.0,9853.9,8.2,96.74,76.2,,15.5,-0.436
2012-04-30,0.14,1.95,0.27,1.85,1.68,-0.3,2866561.0,9907.7,8.2,97.4359,76.4,,17.15,-0.378
2012-05-31,0.16,1.59,0.27,1.52,1.32,-0.5,2842654.0,9951.4,8.2,97.6609,79.3,,24.06,-0.261
2012-06-30,0.16,1.67,0.33,1.58,1.34,-0.46,2863547.0,10021.6,8.2,97.6663,73.2,,17.08,-0.275
2012-07-31,0.16,1.51,0.23,1.4,1.28,-0.69,2846757.0,10074.5,8.2,97.8713,72.3,,18.93,-0.367
2012-08-31,0.13,1.57,0.22,1.48,1.35,-0.68,2812806.0,10145.6,8.1,97.4525,74.3,,17.47,-0.462
2012-09-30,0.14,1.65,0.23,1.55,1.42,-0.77,2804457.0,10226.1,7.8,97.381,78.3,,15.73,-0.529
2012-10-31,0.16,1.72,0.3,1.61,1.42,-0.78,2823137.0,10292.4,7.8,97.7193,82.6,,18.6,-0.55
2012-11-30,0.16,1.62,0.25,1.54,1.37,-0.79,2851362.0,10361.9,7.7,98.0777,82.7,,15.87,-0.556
2012-12-31,0.16,1.78,0.25,1.73,1.53,-0.67,2907300.0,10484.1,7.9,98.3101,72.9,,18.02,-0.6
2013-01-31,0.14,2.02,0.27,1.95,1.75,-0.57,3008704.0,10508.1,8.0,98.3342,73.8,,14.28,-0.644
2013-02-28,0.15,1.89,0.25,1.78,1.64,-0.64,3090600.0,10527.5,7.7,98.7941,77.6,,15.51,-0.651
2013-03-31,0.14,1.87,0.25,1.8,1.62,-0.64,3202256.0,10583.8,7.5,99.1921,78.6,,12.7,-0.665
2013-04-30,0.15,1.7,0.22,1.65,1.48,-0.64,3318649.0,10611.3,7.6,99.1065,76.4,,13.52,-0.706
2013-05-31,0.11,2.16,0.3,2.12,1.86,-0.05,3385128.0,10646.1,7.5,99.1839,84.5,,16.3,-0.692
2013-06-30,0.09,2.52,0.36,2.48,2.16,0.53,3478672.0,10703.3,7.5,99.3897,84.1,,16.86,-0.63
2013-07-31,0.09,2.6,0.31,2.56,2.29,0.38,3571797.0,10742.8,7.3,99.0814,85.1,,13.45,-0.662
2013-08-31,0.08,2.78,0.39,2.75,2.39,0.68,3644456.0,10801.2,7.2,99.6543,82.1,,17.01,-0.665
2013-09-30,0.08,2.64,0.33,2.62,2.31,0.45,3734018.0,10862.0,7.2,100.161,77.5,,16.6,-0.678
2013-10-31,0.09,2.57,0.31,2.53,2.26,0.4,3843396.0,10986.3,7.2,100.082,73.2,,13.75,-0.727
2013-11-30,0.08,2.75,0.28,2.69,2.47,0.6,3925876.0,10995.6,6.9,100.3158,75.1,,13.7,-0.771
2013-12-31,0.09,3.04,0.38,2.97,2.66,0.8,4032575.0,11060.1,6.7,100.5175,82.5,,13.72,-0.78
2014-01-31,0.07,2.67,0.34,2.65,2.33,0.53,4102138.0,11130.8,6.6,100.1599,81.2,,18.41,-0.764
2014-02-28,0.07,2.66,0.33,2.61,2.33,0.49,4159972.0,11196.8,6.7,100.9168,81.6,,14.0,-0.777
2014-03-31,0.08,2.73,0.44,2.68,2.29,0.6,4226971.0,11232.6,6.7,101.8942,80.0,,13.88,-0.777
2014-04-30,0.09,2.67,0.42,2.64,2.25,0.49,4296049.0,11277.7,6.2,101.9928,84.1,,13.41,-0.769
2014-05-31,0.09,2.48,0.37,2.44,2.11,0.26,4322654.0,11342.8,6.3,102.3836,81.9,,11.4,-0.79
2014-06-30,0.1,2.53,0.47,2.49,2.06,0.27,4368348.0,11398.1,6.1,102.735,82.5,,11.57,-0.784
2014-07-31,0.09,2.58,0.53,2.55,2.05,0.29,4406637.0,11453.0,6.2,102.9632,81.8,,16.95,-0.74
2014-08-31,0.09,2.35,0.48,2.32,1.87,0.23,4413736.0,11477.3,6.1,102.7688,82.5,,11.98,-0.722
2014-09-30,0.09,2.52,0.58,2.5,1.94,0.55,4459050.0,11519.1,5.9,103.0641,84.6,,16.31,-0.673
2014-10-31,0.09,2.35,0.5,2.34,1.85,0.43,4486754.0,11593.1,5.7,103.0764,86.9,,14.03,-0.644
2014-11-30,0.09,2.18,0.47,2.16,1.71,0.39,4485931.0,11634.2,5.8,103.7126,88.8,,13.33,-0.649
2014-12-31,0.12,2.17,0.67,2.13,1.5,0.49,4497660.0,11717.6,5.6,103.7044,93.6,,19.2,-0.571
2015-01-31,0.11,1.68,0.47,1.66,1.21,0.03,4500064.0,11805.2,5.7,102.8905,98.1,,20.97,-0.506
2015-02-28,0.11,2.0,0.63,1.98,1.37,0.17,4486725.0,11922.8,5.5,102.2335,95.4,,13.34,-0.531
2015-03-31,0.11,1.94,0.56,1.91,1.38,0.18,4480603.0,11920.5,5.4,101.8914,93.0,,15.29,-0.55
2015-04-30,0.12,2.05,0.58,2.04,1.47,0.11,4471499.0,11954.6,5.4,101.3355,95.9,,14.55,-0.557
2015-05-31,0.12,2.12,0.61,2.11,1.51,0.32,4463981.0,11982.6,5.6,100.8883,90.7,,13.84,-0.555
2015-06-30,0.13,2.35,0.64,2.34,1.71,0.48,4495055.0,12023.2,5.3,100.571,96.1,,18.23,-0.546
2015-07-31,0.13,2.2,0.67,2.12,1.53,0.46,4485480.0,12067.0,5.2,101.2228,93.1,,12.12,-0.502
2015-08-31,0.14,2.21,0.74,2.13,1.47,0.58,4475105.0,12112.0,5.1,101.0367,91.9,,28.43,-0.412
2015-09-30,0.14,2.06,0.64,2.06,1.42,0.65,4484111.0,12173.9,5.0,100.7547,87.2,,24.5,-0.397
2015-10-31,0.12,2.16,0.75,2.08,1.41,0.63,4489339.0,12225.2,5.0,100.2675,90.0,,15.07,-0.465
2015-11-30,0.12,2.21,0.94,1.99,1.27,0.62,4477088.0,12317.0,5.1,99.5298,91.3,,16.13,-0.44
2015-12-31,0.24,2.27,1.06,2.11,1.21,0.73,4486587.0,12387.9,5.0,99.0417,92.6,,18.21,-0.35
2016-01-31,0.34,1.94,0.76,1.61,1.18,0.53,4482349.0,12518.5,4.8,99.5607,92.0,,20.2,-0.277
2016-02-29,0.38,1.74,0.78,1.41,0.96,0.32,4489796.0,12603.9,4.9,99.0445,91.7,,20.55,-0.299
2016-03-31,0.36,1.78,0.73,1.57,1.05,0.16,4482840.0,12661.8,5.0,98.3096,91.0,,13.95,-0.368
2016-04-30,0.37,1.83,0.77,1.61,1.06,0.12,4474665.0,12743.2,5.1,98.6421,89.0,,15.7,-0.387
2016-05-31,0.37,1.84,0.87,1.5,0.97,0.3,4461111.0,12802.0,4.8,98.4184,94.7,,14.19,-0.373
2016-06-30,0.38,1.49,0.58,1.23,0.91,0.09,4466482.0,12852.5,4.9,98.8833,93.5,,15.63,-0.35
2016-07-31,0.39,1.46,0.67,1.18,0.79,-0.03,4464498.0,12911.9,4.8,98.9992,90.0,,11.87,-0.368
2016-08-31,0.4,1.58,0.8,1.25,0.78,0.11,4457907.0,12989.7,4.9,98.85,89.8,,13.42,-0.364
2016-09-30,0.4,1.6,0.77,1.31,0.83,0.0,4452002.0,13054.9,5.0,98.7457,91.2,,13.29,-0.346
2016-10-31,0.4,1.84,0.86,1.5,0.98,0.11,4454326.0,13122.8,4.9,98.7611,87.2,,17.06,-0.387
2016-11-30,0.41,2.37,1.11,1.89,1.26,0.43,4446307.0,13208.7,4.7,98.3491,93.8,,13.33,-0.437
2016-12-31,0.54,2.45,1.2,1.94,1.25,0.5,4451451.0,13234.9,4.7,99.0214,98.2,,14.04,-0.474
2017-01-31,0.65,2.45,1.19,1.93,1.26,0.4,4452838.0,13315.7,4.7,98.7611,98.5,,11.99,-0.493
2017-02-28,0.66,2.36,1.22,1.83,1.14,0.34,4468702.0,13394.8,4.6,98.3646,96.3,,12.92,-0.494
2017-03-31,0.79,2.4,1.27,1.64,1.13,0.43,4469618.0,13463.6,4.4,99.0137,96.9,,12.37,-0.487
2017-04-30,0.9,2.29,1.28,1.49,1.01,0.37,4470142.0,13521.7,4.4,100.0224,97.0,,10.82,-0.513
2017-05-31,0.91,2.21,1.28,1.23,0.93,0.4,4459914.0,13568.9,4.4,100.1408,97.1,,10.41,-0.551
2017-06-30,1.04,2.31,1.38,1.28,0.93,0.58,4463347.0,13580.5,4.3,100.3471,95.0,,11.18,-0.574
2017-07-31,1.15,2.3,1.34,1.23,0.96,0.48,4465284.0,13643.1,4.3,100.1068,93.4,,10.26,-0.582
2017-08-31,1.16,2.12,1.33,1.11,0.79,0.36,4452360.0,13697.7,4.4,99.6925,96.8,,10.59,-0.564
2017-09-30,1.15,2.33,1.47,1.27,0.86,0.49,4455661.0,13745.1,4.3,99.7954,95.1,,9.51,-0.573
2017-10-31,1.15,2.38,1.6,1.23,0.78,0.5,4461117.0,13800.1,4.2,101.0247,100.7,,10.18,-0.599
2017-11-30,1.16,2.42,1.78,1.15,0.64,0.56,4438592.0,13843.5,4.2,101.2664,98.5,,11.28,-0.607
2017-12-31,1.3,2.4,1.89,1.01,0.51,0.44,4448680.0,13881.7,4.1,101.4644,95.9,,11.04,-0.619
2018-01-31,1.41,2.72,2.14,1.26,0.58,0.61,4419225.0,13900.3,4.0,101.4625,95.7,,13.54,-0.609
2018-02-28,1.42,2.87,2.25,1.22,0.62,0.75,4393401.0,13949.3,4.1,101.7085,99.7,,19.85,-0.547
2018-03-31,1.51,2.74,2.27,1.01,0.47,0.69,4392198.0,14012.7,4.0,102.2067,101.4,,19.97,-0.5
2018-04-30,1.69,2.95,2.49,1.08,0.46,0.78,4372886.0,14035.9,4.0,103.3329,98.8,,15.93,-0.542
2018-05-31,1.7,2.83,2.4,0.9,0.43,0.76,4327519.0,14092.4,3.8,102.4024,98.0,,15.43,-0.567
2018-06-30,1.82,2.85,2.52,0.92,0.33,0.74,4305491.0,14137.2,4.0,103.198,98.2,,16.09,-0.541
2018-07-31,1.91,2.96,2.67,0.93,0.29,0.84,4277681.0,14174.6,3.8,103.3646,97.9,,12.83,-0.564
2018-08-31,1.91,2.86,2.62,0.75,0.24,0.78,4218914.0,14223.2,3.8,104.0327,96.2,,12.86,-0.599
2018-09-30,1.95,3.05,2.81,0.86,0.24,0.91,4192909.0,14245.5,3.7,104.1004,100.1,,12.12,-0.593
2018-10-31,2.19,3.15,2.87,0.81,0.28,1.1,4139731.0,14256.6,3.8,103.9856,98.6,,21.23,-0.551
2018-11-30,2.2,3.01,2.8,0.64,0.21,1.04,4097170.0,14282.8,3.8,104.0681,97.5,,18.07,-0.46
2018-12-31,2.27,2.69,2.48,0.24,0.21,0.98,4075636.0,14386.8,3.9,104.0936,98.3,,25.42,-0.425
2019-01-31,2.4,2.63,2.45,0.22,0.18,0.78,4039678.0,14459.7,4.0,103.4021,91.2,,16.57,-0.504
2019-02-28,2.4,2.73,2.52,0.28,0.21,0.78,3974590.0,14506.3,3.8,102.8371,93.8,,14.78,-0.578
2019-03-31,2.41,2.41,2.27,0.01,0.14,0.53,3955617.0,14557.5,3.8,102.8757,98.4,,13.71,-0.603
2019-04-30,2.42,2.51,2.27,0.08,0.24,0.56,3928273.0,14594.7,3.7,102.274,97.2,,13.12,-0.611
2019-05-31,2.39,2.14,1.95,-0.21,0.19,0.4,3851444.0,14704.4,3.6,102.392,100.0,,18.71,-0.577
2019-06-30,2.38,2.0,1.75,-0.12,0.25,0.31,3826817.0,14802.8,3.6,102.4375,98.2,,15.08,-0.572
2019-07-31,2.4,2.02,1.89,-0.06,0.13,0.26,3779102.0,14886.8,3.7,101.9408,98.4,,16.12,-0.573
2019-08-31,2.13,1.5,1.5,-0.49,0.0,-0.05,3759946.0,14974.4,3.6,102.639,89.8,,18.98,-0.524
2019-09-30,2.04,1.68,1.63,-0.2,0.05,0.15,3857715.0,15047.0,3.5,102.2917,93.2,,16.24,-0.508
2019-10-31,1.83,1.69,1.52,0.15,0.17,0.15,4019823.0,15184.1,3.6,101.4281,95.5,,13.22,-0.546
2019-11-30,1.55,1.78,1.61,0.19,0.17,0.17,4052875.0,15296.0,3.6,101.9372,96.8,,12.62,-0.567
2019-12-31,1.55,1.92,1.58,0.37,0.34,0.15,4165591.0,15347.5,3.6,101.7003,99.3,,13.78,-0.551
2020-01-31,1.55,1.51,1.33,-0.04,0.18,-0.14,4151630.0,15427.1,3.6,101.0338,99.8,,18.84,-0.617
2020-02-29,1.58,1.13,0.86,-0.14,0.27,-0.28,4158637.0,15493.4,3.5,101.3735,101.0,,40.11,-0.294
2020-03-31,0.65,0.7,0.23,0.59,0.47,-0.17,5254278.0,16033.0,4.4,97.4078,89.1,,53.54,0.269
2020-04-30,0.05,0.64,0.2,0.55,0.44,-0.43,6655929.0,17065.3,14.8,84.5619,71.8,,34.15,0.157
2020-05-31,0.05,0.65,0.16,0.51,0.49,-0.5,7097316.0,17932.9,13.2,85.9604,72.3,,27.51,-0.269
2020-06-30,0.08,0.66,0.16,0.5,0.5,-0.68,7082302.0,18184.3,11.0,91.5934,78.1,,30.43,-0.385
2020-07-31,0.09,0.55,0.11,0.46,0.44,-1.0,6949032.0,18335.4,10.2,95.0256,72.5,,24.46,-0.475
2020-08-31,0.1,0.72,0.14,0.61,0.58,-1.08,6990418.0,18411.2,8.4,95.9549,74.1,,26.41,-0.507
2020-09-30,0.09,0.69,0.13,0.59,0.56,-0.94,7056129.0,18602.5,7.8,95.9669,80.4,,26.37,-0.492
2020-10-31,0.09,0.88,0.14,0.79,0.74,-0.82,7146306.0,18757.6,6.9,96.7394,81.8,,38.02,-0.506
2020-11-30,0.09,0.84,0.16,0.76,0.68,-0.93,7216480.0,18997.0,6.7,97.0816,76.9,,20.57,-0.567
2020-12-31,0.09,0.93,0.13,0.84,0.8,-1.06,7363351.0,19115.7,6.7,98.363,80.7,,22.75,-0.603
2021-01-31,0.09,1.11,0.11,1.05,1.0,-1.02,7404926.0,19379.0,6.4,98.8822,79.0,,33.09,-0.618
2021-02-28,0.08,1.44,0.14,1.4,1.3,-0.71,7590111.0,19641.8,6.2,95.6149,76.8,,27.95,-0.626
2021-03-31,0.07,1.74,0.16,1.71,1.58,-0.63,7688988.0,19873.2,6.1,98.3856,84.9,,19.4,-0.648
2021-04-30,0.07,1.65,0.16,1.64,1.49,-0.76,7780962.0,20175.4,6.1,98.5587,88.3,,18.61,-0.681
2021-05-31,0.06,1.58,0.14,1.57,1.44,-0.84,7903541.0,20459.0,5.8,99.4333,82.9,,16.76,-0.692
2021-06-30,0.08,1.45,0.25,1.4,1.2,-0.87,8078544.0,20477.1,5.9,99.7987,85.5,,15.83,-0.685
2021-07-31,0.1,1.24,0.19,1.18,1.05,-1.16,8221473.0,20633.3,5.4,100.2519,81.2,,18.24,-0.654
2021-08-31,0.09,1.3,0.2,1.26,1.1,-1.03,8332743.0,20840.7,5.1,100.0437,70.3,,16.48,-0.646
2021-09-30,0.08,1.52,0.28,1.48,1.24,-0.85,8447981.0,20981.0,4.7,98.8579,72.8,,23.14,-0.652
2021-10-31,0.08,1.55,0.48,1.5,1.07,-0.96,8556181.0,21160.7,4.5,100.1861,71.7,,16.26,-0.621
2021-11-30,0.08,1.43,0.52,1.38,0.91,-1.07,8681771.0,21335.9,4.1,100.8654,67.4,,27.19,-0.55
2021-12-31,0.08,1.52,0.73,1.46,0.79,-1.04,8757460.0,21498.8,3.9,100.5726,70.6,,17.22,-0.555
2022-01-31,0.08,1.79,1.18,1.57,0.61,-0.65,8860485.0,21650.0,4.0,100.1856,67.2,,24.83,-0.54
2022-02-28,0.08,1.83,1.44,1.48,0.39,-0.79,8928129.0,21724.8,3.9,100.8064,62.8,,30.15,-0.437
2022-03-31,0.2,2.32,2.28,1.8,0.04,-0.52,8937142.0,21786.8,3.7,101.3907,59.4,,20.56,-0.372
2022-04-30,0.33,2.89,2.7,2.04,0.19,0.01,8939199.0,21769.5,3.7,101.44,65.2,,33.4,-0.335
2022-05-31,0.77,2.85,2.53,1.69,0.32,0.21,8914281.0,21719.5,3.6,101.3335,58.4,,26.19,-0.257
2022-06-30,1.21,2.98,2.92,1.26,0.06,0.65,8913553.0,21651.2,3.6,101.018,50.0,,28.71,-0.17
2022-07-31,1.68,2.67,2.89,0.26,-0.22,0.14,8890004.0,21652.8,3.5,101.223,51.5,,21.33,-0.218
2022-08-31,2.33,3.15,3.45,0.19,-0.3,0.67,8826093.0,21638.2,3.6,101.0963,58.2,,25.87,-0.224
2022-09-30,2.56,3.83,4.22,0.5,-0.39,1.68,8795567.0,21536.5,3.5,101.2918,58.6,,31.62,-0.105
2022-10-31,3.08,4.1,4.51,-0.12,-0.41,1.58,8723090.0,21461.5,3.6,101.2529,59.9,,25.88,-0.124
2022-11-30,3.78,3.68,4.38,-0.69,-0.7,1.34,8584576.0,21406.5,3.6,100.9552,56.7,,20.58,-0.18
2022-12-31,4.1,3.88,4.41,-0.54,-0.53,1.58,8551169.0,21291.0,3.5,99.7664,59.8,,21.67,-0.222
2023-01-31,4.33,3.52,4.21,-1.18,-0.69,1.28,8470557.0,21279.4,3.5,100.505,64.9,,19.4,-0.306
2023-02-28,4.57,3.92,4.81,-0.96,-0.89,1.49,8382190.0,21242.9,3.6,100.6416,66.9,,20.7,-0.269
2023-03-31,4.65,3.48,4.06,-1.37,-0.58,1.16,8705942.0,20946.8,3.5,101.0205,62.0,,18.7,-0.152
2023-04-30,4.83,3.44,4.04,-1.66,-0.6,1.26,8562768.0,20761.4,3.4,101.253,63.7,,15.78,-0.19
2023-05-31,5.06,3.64,4.4,-1.88,-0.76,1.46,8385854.0,20829.7,3.6,100.9286,59.0,,17.94,-0.212
2023-06-30,5.08,3.81,4.87,-1.62,-1.06,1.59,8340914.0,20799.3,3.6,100.1196,64.2,4.05,13.59,-0.227
2023-07-31,5.12,3.97,4.88,-1.58,-0.91,1.6,8243344.0,20791.2,3.5,100.9067,71.5,3.79,13.63,-0.279
2023-08-31,5.33,4.09,4.85,-1.47,-0.76,1.85,8121316.0,20777.2,3.7,100.8393,69.4,3.85,13.57,-0.333
2023-09-30,5.33,4.59,5.03,-0.96,-0.44,2.24,8002064.0,20747.8,3.7,101.0211,67.8,4.03,17.52,-0.311
2023-10-31,5.33,4.88,5.07,-0.71,-0.19,2.46,7907830.0,20732.9,3.9,100.4689,63.8,4.42,18.14,-0.284
2023-11-30,5.33,4.37,4.73,-1.08,-0.36,2.14,7796145.0,20746.5,3.7,100.8639,61.3,3.84,12.92,-0.32
2023-12-31,5.33,3.88,4.23,-1.52,-0.35,1.72,7712781.0,20777.9,3.8,100.6031,69.7,3.39,12.45,-0.366
2024-01-31,5.33,3.99,4.27,-1.43,-0.28,1.73,7630124.0,20843.9,3.7,99.2223,79.0,3.59,14.35,-0.395
2024-02-29,5.33,4.25,4.64,-1.2,-0.39,1.92,7567807.0,20927.4,3.9,100.285,76.9,3.29,13.4,-0.425
2024-03-31,5.33,4.2,4.59,-1.26,-0.39,1.88,7484739.0,20973.9,3.9,100.4575,79.4,3.15,13.01,-0.43
2024-04-30,5.33,4.69,5.04,-0.77,-0.35,2.28,7402434.0,20959.7,3.9,100.2434,77.2,3.18,15.65,-0.411
2024-05-31,5.33,4.51,4.89,-0.95,-0.38,2.16,7284319.0,21020.7,3.9,100.863,69.1,3.2,12.92,-0.407
2024-06-30,5.33,4.36,4.71,-1.12,-0.35,2.08,7231163.0,21068.4,4.1,100.894,68.2,3.21,12.44,-0.38
2024-07-31,5.33,4.09,4.29,-1.32,-0.2,1.85,7178391.0,21095.3,4.2,99.9757,66.4,3.25,16.36,-0.36
2024-08-31,5.33,3.91,3.91,-1.3,0.0,1.76,7123238.0,21186.8,4.2,100.4309,67.9,3.17,15.0,-0.39
2024-09-30,5.13,3.81,3.66,-0.92,0.15,1.63,7080059.0,21269.5,4.1,99.8084,70.1,3.03,16.73,-0.426
2024-10-31,4.83,4.28,4.16,-0.36,0.12,1.95,7013490.0,21331.9,4.1,99.4695,70.5,2.88,23.16,-0.443
2024-11-30,4.64,4.18,4.13,-0.4,0.05,1.92,6905140.0,21452.2,4.2,99.2925,71.8,2.74,13.51,-0.473
2024-12-31,4.48,4.58,4.25,0.21,0.33,2.24,6885963.0,21485.9,4.1,100.3273,74.0,2.92,17.35,-0.482
2025-01-31,4.33,4.58,4.22,0.27,0.36,2.16,6818186.0,21548.1,4.0,100.0647,71.7,2.68,16.43,-0.506
2025-02-28,4.33,4.24,3.99,-0.08,0.25,1.86,6766101.0,21613.5,4.2,101.0993,64.7,2.87,19.63,-0.478
2025-03-31,4.33,4.23,3.89,-0.09,0.34,1.85,6740253.0,21693.7,4.2,101.0404,57.0,3.55,22.28,-0.408
2025-04-30,4.33,4.17,3.6,-0.14,0.57,1.94,6709277.0,21775.7,4.2,101.1279,52.2,3.94,24.7,-0.389
2025-05-31,4.33,4.41,3.89,0.05,0.52,2.07,6673244.0,21834.0,4.3,100.9655,52.2,3.32,18.57,-0.464
2025-06-30,4.33,4.24,3.72,-0.17,0.52,1.95,6662200.0,21938.8,4.1,101.4785,60.7,2.96,16.73,-0.494
2025-07-31,4.33,4.37,3.94,-0.04,0.43,1.98,6642578.0,22020.0,4.3,101.894,61.7,2.86,16.72,-0.516
2025-08-31,4.33,4.23,3.59,0.0,0.64,1.82,6603384.0,22086.9,4.3,101.6247,58.2,2.84,15.36,-0.525
2025-09-30,4.22,4.16,3.6,0.14,0.56,1.8,6608395.0,22170.3,4.4,101.668,55.1,2.8,16.28,-0.523
2025-10-31,4.09,4.11,3.6,0.22,0.51,1.81,6587034.0,22245.1,,101.2195,53.6,2.94,17.44,-0.51
2025-11-30,3.88,4.02,3.47,0.14,0.55,1.79,6552419.0,22277.4,4.5,101.0344,51.0,2.92,16.35,-0.506
2025-12-31,3.72,4.18,3.47,0.51,0.71,1.93,6640618.0,22353.5,4.4,101.5203,52.9,2.81,14.95,-0.534
2026-01-31,3.64,4.26,3.52,0.59,0.74,1.9,6587568.0,22429.3,4.3,101.4737,56.4,2.88,17.44,-0.56
2026-02-28,3.64,3.97,3.38,0.3,0.59,1.72,6613797.0,22627.0,4.4,102.1009,56.6,3.12,19.86,-0.504
2026-03-31,3.64,4.3,3.79,0.6,0.51,2.0,6657161.0,22686.4,4.3,101.806,53.3,3.28,25.25,-0.453
2026-04-30,3.64,4.4,3.88,0.72,0.52,1.94,6699950.0,22804.5,4.3,102.4963,49.8,2.83,16.89,-0.488
2026-05-31,3.63,4.45,3.98,0.76,0.47,2.07,6704383.0,,4.3,,,2.74,15.32,-0.506
2026-06-30,,4.45,4.05,0.7,0.39,2.16,6725397.0,,,,,2.78,19.44,-0.506
